[{"model": "sessions.session", "pk": "8m98bb7ynerc151sx13yjrbu21fm0ity", "fields": {"session_data": ".eJxVjDsOwjAQBe_iGln-Z01JzxmsXX9wANlSnFSIu0OkFNC-mXkvFnBba9hGXsKc2JkBO_1uhPGR2w7SHdut89jbuszEd4UfdPBrT_l5Ody_g4qjfmunZFSo0ZeYjJNZFa20Ja-tIgfFAkwewQhlnZ-EEBJMcYjkTfQpSmLvD8hbNxw:1vQpZL:zlGiaOzUZ0thpWqcljZ9d_cwTadAPDyY7ocl1A0hUkg", "expire_date": "2025-12-17T16:19:07.945Z"}}, {"model": "sessions.session", "pk": "pwm44yleiaoinv1jfvoj07y1wjasuk99", "fields": {"session_data": ".eJxVjDsOwjAQBe_iGln-Z01JzxmsXX9wANlSnFSIu0OkFNC-mXkvFnBba9hGXsKc2JkBO_1uhPGR2w7SHdut89jbuszEd4UfdPBrT_l5Ody_g4qjfmunZFSo0ZeYjJNZFa20Ja-tIgfFAkwewQhlnZ-EEBJMcYjkTfQpSmLvD8hbNxw:1vQpJi:CyklSQrUpWpCucLGQXwcnl7AwHV70uqdMdSz9EngqvA", "expire_date": "2025-12-17T16:02:58.191Z"}}, {"model": "authtoken.token", "pk": "30986347f93dad0796065eea53f11a97332c72ec", "fields": {"user": 7, "created": "2025-11-29T19:31:13.999Z"}}, {"model": "authtoken.token", "pk": "4d6b56eba0212f11875fe0a3701dffec847ac46a", "fields": {"user": 1, "created": "2025-11-29T00:22:22.051Z"}}, {"model": "authtoken.token", "pk": "cc7da15366ba93b4f96f8b82a2d5ff874e679ab4", "fields": {"user": 3, "created": "2025-11-29T17:40:34.828Z"}}, {"model": "authtoken.token", "pk": "de4854e1b835cdbe5fa2344cedd61b68396b1399", "fields": {"user": 6, "created": "2025-11-29T17:53:19.160Z"}}, {"model": "oauth2_provider.application", "pk": 5, "fields": {"client_id": "i9QFUOsTUI7HNILOx5wnKeSsilnFmbLgp8JE5fxa", "user": 8, "redirect_uris": "https://layla.amazon.com/api/skill/link/M2P57ROIUORAU8\nhttps://pitangui.amazon.com/api/skill/link/M2P57ROIUORAU8\nhttps://alexa.amazon.co.jp/api/skill/link/M2P57ROIUORAU8", "post_logout_redirect_uris": "", "client_type": "confidential", "authorization_grant_type": "authorization-code", "client_secret": "eqUUQAL-a0ejFVmCAs-MIS14Fsc04cOuV6wQM39U8dk", "name": "Alexa Smart Home", "skip_authorization": true, "created": "2025-12-03T16:54:13.952Z", "updated": "2025-12-03T16:54:13.952Z", "algorithm": ""}}, {"model": "oauth2_provider.grant", "pk": 6, "fields": {"user": 8, "code": "jzj4EynH0TBv7KwtG7Gf2hfhqhg58f", "application": 5, "expires": "2025-12-03T17:18:01.406Z", "redirect_uri": "https://pitangui.amazon.com/api/skill/link/M2P57ROIUORAU8", "scope": "read write", "created": "2025-12-03T17:08:01.406Z", "updated": "2025-12-03T17:08:01.406Z", "code_challenge": "", "code_challenge_method": "", "nonce": "", "claims": "{}"}}, {"model": "oauth2_provider.grant", "pk": 7, "fields": {"user": 8, "code": "k5aYwnk4UUOL5VuGmltFTFWcolyB5d", "application": 5, "expires": "2025-12-03T17:22:26.065Z", "redirect_uri": "https://pitangui.amazon.com/api/skill/link/M2P57ROIUORAU8", "scope": "read write", "created": "2025-12-03T17:12:26.065Z", "updated": "2025-12-03T17:12:26.066Z", "code_challenge": "", "code_challenge_method": "", "nonce": "", "claims": "{}"}}, {"model": "oauth2_provider.grant", "pk": 8, "fields": {"user": 8, "code": "z3tPe0qIn2DRwWM2GmQH8oY6aaix8p", "application": 5, "expires": "2025-12-03T17:28:02.721Z", "redirect_uri": "https://pitangui.amazon.com/api/skill/link/M2P57ROIUORAU8", "scope": "read write", "created": "2025-12-03T17:18:02.721Z", "updated": "2025-12-03T17:18:02.721Z", "code_challenge": "", "code_challenge_method": "", "nonce": "", "claims": "{}"}}, {"model": "oauth2_provider.grant", "pk": 9, "fields": {"user": 8, "code": "QEmNpcfU4BOCo6VIHftpurViMfX17p", "application": 5, "expires": "2025-12-03T17:31:26.540Z", "redirect_uri": "https://pitangui.amazon.com/api/skill/link/M2P57ROIUORAU8", "scope": "read write", "created": "2025-12-03T17:21:26.541Z", "updated": "2025-12-03T17:21:26.541Z", "code_challenge": "", "code_challenge_method": "", "nonce": "", "claims": "{}"}}, {"model": "oauth2_provider.grant", "pk": 10, "fields": {"user": 8, "code": "1eqqB5XGDJwQI4LHsrEtkvcN6uAA62", "application": 5, "expires": "2025-12-03T17:33:34.476Z", "redirect_uri": "https://pitangui.amazon.com/api/skill/link/M2P57ROIUORAU8", "scope": "read write", "created": "2025-12-03T17:23:34.476Z", "updated": "2025-12-03T17:23:34.476Z", "code_challenge": "", "code_challenge_method": "", "nonce": "", "claims": "{}"}}, {"model": "oauth2_provider.grant", "pk": 11, "fields": {"user": 8, "code": "czldTEmjqs4NnzRdmeccOeZFjgt9F0", "application": 5, "expires": "2025-12-03T17:46:09.505Z", "redirect_uri": "https://pitangui.amazon.com/api/skill/link/M2P57ROIUORAU8", "scope": "read write", "created": "2025-12-03T17:36:09.505Z", "updated": "2025-12-03T17:36:09.505Z", "code_challenge": "", "code_challenge_method": "", "nonce": "", "claims": "{}"}}, {"model": "oauth2_provider.grant", "pk": 12, "fields": {"user": 8, "code": "QYqlj5Db2wDqICY48D4QseygxariU7", "application": 5, "expires": "2025-12-03T17:50:58.002Z", "redirect_uri": "https://pitangui.amazon.com/api/skill/link/M2P57ROIUORAU8", "scope": "read write", "created": "2025-12-03T17:40:58.002Z", "updated": "2025-12-03T17:40:58.002Z", "code_challenge": "", "code_challenge_method": "", "nonce": "", "claims": "{}"}}, {"model": "oauth2_provider.grant", "pk": 13, "fields": {"user": 8, "code": "RWL2A1jT1F7jtHx5efJ4owz1LZLGSR", "application": 5, "expires": "2025-12-03T17:55:08.866Z", "redirect_uri": "https://pitangui.amazon.com/api/skill/link/M2P57ROIUORAU8", "scope": "read write", "created": "2025-12-03T17:45:08.866Z", "updated": "2025-12-03T17:45:08.866Z", "code_challenge": "", "code_challenge_method": "", "nonce": "", "claims": "{}"}}, {"model": "oauth2_provider.grant", "pk": 14, "fields": {"user": 8, "code": "Mnnxxr0wlvTRw5gjB8KSiY8yW6nM5C", "application": 5, "expires": "2025-12-03T17:58:35.327Z", "redirect_uri": "https://pitangui.amazon.com/api/skill/link/M2P57ROIUORAU8", "scope": "read write", "created": "2025-12-03T17:48:35.327Z", "updated": "2025-12-03T17:48:35.327Z", "code_challenge": "", "code_challenge_method": "", "nonce": "", "claims": "{}"}}, {"model": "oauth2_provider.grant", "pk": 15, "fields": {"user": 8, "code": "test_code_20251203174934", "application": 5, "expires": "2025-12-03T17:59:34.639Z", "redirect_uri": "https://pitangui.amazon.com/api/skill/link/M2P57ROIUORAU8", "scope": "read write", "created": "2025-12-03T17:49:34.639Z", "updated": "2025-12-03T17:49:34.639Z", "code_challenge": "", "code_challenge_method": "", "nonce": "", "claims": ""}}, {"model": "oauth2_provider.grant", "pk": 16, "fields": {"user": 8, "code": "test_code_20251203175105", "application": 5, "expires": "2025-12-03T18:01:05.435Z", "redirect_uri": "https://pitangui.amazon.com/api/skill/link/M2P57ROIUORAU8", "scope": "read write", "created": "2025-12-03T17:51:05.435Z", "updated": "2025-12-03T17:51:05.435Z", "code_challenge": "", "code_challenge_method": "", "nonce": "", "claims": ""}}, {"model": "oauth2_provider.grant", "pk": 17, "fields": {"user": 8, "code": "test_code_20251203175226", "application": 5, "expires": "2025-12-03T18:02:26.829Z", "redirect_uri": "https://pitangui.amazon.com/api/skill/link/M2P57ROIUORAU8", "scope": "read write", "created": "2025-12-03T17:52:26.829Z", "updated": "2025-12-03T17:52:26.829Z", "code_challenge": "", "code_challenge_method": "", "nonce": "", "claims": ""}}, {"model": "oauth2_provider.accesstoken", "pk": 1, "fields": {"user": 8, "source_refresh_token": null, "token": "EB4oZJ0N9u1l5Lqsnz6_ctY0tMvHmFAxofHqoGAe", "id_token": null, "application": 5, "expires": "2025-12-04T03:54:07.391Z", "scope": "read write", "created": "2025-12-03T17:54:07.392Z", "updated": "2025-12-03T17:54:07.392Z"}}, {"model": "oauth2_provider.accesstoken", "pk": 2, "fields": {"user": 8, "source_refresh_token": null, "token": "YVZQnCnJ6bW8jTeu4bfVjakPKkOxnWx4ehs5O6lN", "id_token": null, "application": 5, "expires": "2025-12-04T03:56:09.692Z", "scope": "read write", "created": "2025-12-03T17:56:09.692Z", "updated": "2025-12-03T17:56:09.692Z"}}, {"model": "oauth2_provider.accesstoken", "pk": 3, "fields": {"user": 8, "source_refresh_token": null, "token": "sZtHxzjHzF3WCcJ5GhDJRxdlmAPTGMYL8s3Leqys", "id_token": null, "application": 5, "expires": "2025-12-04T03:57:01.143Z", "scope": "read write", "created": "2025-12-03T17:57:01.143Z", "updated": "2025-12-03T17:57:01.143Z"}}, {"model": "oauth2_provider.accesstoken", "pk": 4, "fields": {"user": 8, "source_refresh_token": null, "token": "daBOub_hfaC1GjIL4Hk6YiDIDq0VEnBvLPQhaNDU", "id_token": null, "application": 5, "expires": "2025-12-04T04:17:03.316Z", "scope": "read write", "created": "2025-12-03T18:17:03.317Z", "updated": "2025-12-03T18:17:03.317Z"}}, {"model": "oauth2_provider.accesstoken", "pk": 5, "fields": {"user": 8, "source_refresh_token": null, "token": "fVUezseavSFSvuBLKXpj3AUzUMWxPyQE5zrv3ubr", "id_token": null, "application": 5, "expires": "2025-12-04T04:18:15.454Z", "scope": "read write", "created": "2025-12-03T18:18:15.454Z", "updated": "2025-12-03T18:18:15.454Z"}}, {"model": "oauth2_provider.accesstoken", "pk": 6, "fields": {"user": 8, "source_refresh_token": null, "token": "8gzc-61M6naSpK_M02r1F1vDxb5TvYeh4asNLPHA", "id_token": null, "application": 5, "expires": "2025-12-04T04:28:31.562Z", "scope": "read write", "created": "2025-12-03T18:28:31.562Z", "updated": "2025-12-03T18:28:31.562Z"}}, {"model": "oauth2_provider.accesstoken", "pk": 7, "fields": {"user": 8, "source_refresh_token": null, "token": "qB71BTktOnXbWGrMWo0GDhG_k5_CQT4RHuKObbzd", "id_token": null, "application": 5, "expires": "2025-12-04T05:14:23.994Z", "scope": "read write", "created": "2025-12-03T19:14:23.994Z", "updated": "2025-12-03T19:14:23.994Z"}}, {"model": "oauth2_provider.accesstoken", "pk": 8, "fields": {"user": 8, "source_refresh_token": null, "token": "qOSQwuWFImt0IxODgKM9ZBlyHqPuV5m7v-M1gJ-_", "id_token": null, "application": 5, "expires": "2025-12-04T22:51:38.129Z", "scope": "read write", "created": "2025-12-04T12:51:38.129Z", "updated": "2025-12-04T12:51:38.129Z"}}, {"model": "oauth2_provider.refreshtoken", "pk": 1, "fields": {"user": 8, "token": "IwYr4lPjk_VfGbE3_esfnw9xlhvMrf_0iiwRn2qL", "application": 5, "access_token": 1, "created": "2025-12-03T17:54:07.400Z", "updated": "2025-12-04T12:51:38.134Z", "revoked": "2025-12-04T12:51:38.134Z"}}, {"model": "oauth2_provider.refreshtoken", "pk": 2, "fields": {"user": 8, "token": "5bgd9mHxFNpMutikRjXgTPDfet3Y6VaY_hPPSepx", "application": 5, "access_token": 8, "created": "2025-12-04T12:51:38.138Z", "updated": "2025-12-04T12:51:38.138Z", "revoked": null}}, {"model": "users.user", "pk": 1, "fields": {"password": "pbkdf2_sha256$260000$kjJQYy0EmceWwMT8T4T64q$eYQ25+YzPD8HVDVQuk6xiipvQu2Zwi65Wmi0MmMDVmA=", "last_login": null, "is_superuser": false, "username": "oscar", "first_name": "Oscar", "last_name": "", "email": "oscar@nezuecuador.com", "is_staff": false, "is_active": true, "date_joined": "2025-11-28T22:50:58.170Z", "theme_preference": "dark", "wallpaper": "default", "groups": [], "user_permissions": []}}, {"model": "users.user", "pk": 2, "fields": {"password": "pbkdf2_sha256$260000$CoAsLa4tYxQgorWbVRD7Yi$/p2U4u2+cysmFRZYy4TOASyx46eDk02BZT6kE+YAJGA=", "last_login": null, "is_superuser": false, "username": "nezu", "first_name": "Nezu", "last_name": "", "email": "nezu@nezu.local", "is_staff": false, "is_active": true, "date_joined": "2025-11-29T17:35:05.127Z", "theme_preference": "light", "wallpaper": null, "groups": [], "user_permissions": []}}, {"model": "users.user", "pk": 3, "fields": {"password": "pbkdf2_sha256$260000$oOwUx5XidQnfty3ercHtuG$paw26nfH7TTX3kfQo6BX5Aw2tt3XYDDi6d2Ge5Hx9Hw=", "last_login": null, "is_superuser": false, "username": "gustavo", "first_name": "Gustavo", "last_name": "", "email": "gustavo@nezu.local", "is_staff": false, "is_active": true, "date_joined": "2025-11-29T17:35:05.218Z", "theme_preference": "dark", "wallpaper": "gradient-1", "groups": [], "user_permissions": []}}, {"model": "users.user", "pk": 6, "fields": {"password": "pbkdf2_sha256$260000$1r0B3C6evw1Mmke1gnMFTT$SE6WUGfzh3OfNzevFr5/eI2cPTc7TDYCRgJqVYSshmg=", "last_login": null, "is_superuser": false, "username": "daniel", "first_name": "Daniel", "last_name": "", "email": "daniel@nezu.local", "is_staff": false, "is_active": true, "date_joined": "2025-11-29T17:35:05.501Z", "theme_preference": "light", "wallpaper": null, "groups": [], "user_permissions": []}}, {"model": "users.user", "pk": 7, "fields": {"password": "pbkdf2_sha256$260000$PfP16KsCZbWTGVPykWnRj9$ws27fY7scl7cLwMedYGyuQ0/dA++MDZcd6WW/aE65so=", "last_login": null, "is_superuser": false, "username": "oscartest", "first_name": "", "last_name": "", "email": "oscartest@nezuecuador.com", "is_staff": false, "is_active": true, "date_joined": "2025-11-29T19:31:13.914Z", "theme_preference": "light", "wallpaper": null, "groups": [], "user_permissions": []}}, {"model": "users.user", "pk": 8, "fields": {"password": "pbkdf2_sha256$260000$1yFIXOdhQzgAIiK5jKDphf$9g0VnF06ntks6cV84sKOyNC4QKRXR+IO5yoXfgGT9p8=", "last_login": "2025-12-03T16:19:07.940Z", "is_superuser": true, "username": "admin", "first_name": "", "last_name": "", "email": "admin@example.com", "is_staff": true, "is_active": true, "date_joined": "2025-12-03T14:24:48.794Z", "theme_preference": "light", "wallpaper": null, "groups": [], "user_permissions": []}}, {"model": "users.dashboardlayout", "pk": 1, "fields": {"user": 1, "layout": "[{\"w\": 3, \"h\": 1, \"x\": 0, \"y\": 0, \"i\": \"summary-card\", \"moved\": false, \"static\": false}, {\"w\": 3, \"h\": 1, \"x\": 6, \"y\": 0, \"i\": \"device-48\", \"moved\": false, \"static\": false}, {\"w\": 3, \"h\": 1, \"x\": 9, \"y\": 0, \"i\": \"device-49\", \"moved\": false, \"static\": false}, {\"w\": 3, \"h\": 1, \"x\": 0, \"y\": 1, \"i\": \"device-50\", \"moved\": false, \"static\": false}, {\"w\": 3, \"h\": 1, \"x\": 3, \"y\": 1, \"i\": \"device-51\", \"moved\": false, \"static\": false}, {\"w\": 3, \"h\": 1, \"x\": 6, \"y\": 1, \"i\": \"device-52\", \"moved\": false, \"static\": false}, {\"w\": 3, \"h\": 1, \"x\": 9, \"y\": 1, \"i\": \"device-53\", \"moved\": false, \"static\": false}, {\"w\": 3, \"h\": 1, \"x\": 0, \"y\": 2, \"i\": \"device-54\", \"moved\": false, \"static\": false}, {\"w\": 3, \"h\": 1, \"x\": 3, \"y\": 0, \"i\": \"device-81\", \"moved\": false, \"static\": false}, {\"w\": 3, \"h\": 1, \"x\": 3, \"y\": 2, \"i\": \"device-80\", \"moved\": false, \"static\": false}, {\"w\": 3, \"h\": 1, \"x\": 0, \"y\": 3, \"i\": \"routine-3\", \"moved\": false, \"static\": false}]", "cards": "[{\"id\": \"summary-card\", \"type\": \"summary\"}, {\"id\": \"device-48\", \"type\": \"device\", \"deviceId\": 48, \"customIcon\": \"Sun\"}, {\"id\": \"device-49\", \"type\": \"device\", \"deviceId\": 49}, {\"id\": \"device-50\", \"type\": \"device\", \"deviceId\": 50}, {\"id\": \"device-51\", \"type\": \"device\", \"deviceId\": 51}, {\"id\": \"device-52\", \"type\": \"device\", \"deviceId\": 52}, {\"id\": \"device-53\", \"type\": \"device\", \"deviceId\": 53}, {\"id\": \"device-54\", \"type\": \"device\", \"deviceId\": 54}, {\"id\": \"device-81\", \"type\": \"device\", \"deviceId\": 81}, {\"id\": \"device-80\", \"type\": \"device\", \"deviceId\": 80}, {\"id\": \"routine-3\", \"type\": \"routine\", \"routineId\": \"3\"}]", "created_at": "2025-12-02T21:51:25.944Z", "updated_at": "2025-12-03T21:09:01.501Z"}}, {"model": "users.dashboardlayout", "pk": 2, "fields": {"user": 3, "layout": "[]", "cards": "[]", "created_at": "2025-12-02T22:12:45.611Z", "updated_at": "2025-12-03T19:54:09.945Z"}}, {"model": "devices.device", "pk": 9, "fields": {"name": "Backup Backup Manager state", "type": "sensor", "room": "Sin Asignar", "is_on": true, "value": "idle", "unit": null, "is_online": true, "entity_id": "sensor.backup_backup_manager_state", "ha_domain": "sensor", "created_at": "2025-11-29T00:48:01.674Z", "updated_at": "2025-11-29T02:02:54.799Z"}}, {"model": "devices.device", "pk": 10, "fields": {"name": "Backup Next scheduled automatic backup", "type": "sensor", "room": "Sin Asignar", "is_on": false, "value": "unknown", "unit": null, "is_online": false, "entity_id": "sensor.backup_next_scheduled_automatic_backup", "ha_domain": "sensor", "created_at": "2025-11-29T00:48:01.677Z", "updated_at": "2025-11-29T02:02:54.807Z"}}, {"model": "devices.device", "pk": 11, "fields": {"name": "Backup Last successful automatic backup", "type": "sensor", "room": "Sin Asignar", "is_on": false, "value": "unknown", "unit": null, "is_online": false, "entity_id": "sensor.backup_last_successful_automatic_backup", "ha_domain": "sensor", "created_at": "2025-11-29T00:48:01.681Z", "updated_at": "2025-11-29T02:02:54.811Z"}}, {"model": "devices.device", "pk": 12, "fields": {"name": "Backup Last attempted automatic backup", "type": "sensor", "room": "Sin Asignar", "is_on": false, "value": "unknown", "unit": null, "is_online": false, "entity_id": "sensor.backup_last_attempted_automatic_backup", "ha_domain": "sensor", "created_at": "2025-11-29T00:48:01.684Z", "updated_at": "2025-11-29T02:02:54.814Z"}}, {"model": "devices.device", "pk": 13, "fields": {"name": "Sun Next dawn", "type": "sensor", "room": "Sin Asignar", "is_on": true, "value": "2025-11-29T10:26:42+00:00", "unit": null, "is_online": true, "entity_id": "sensor.sun_next_dawn", "ha_domain": "sensor", "created_at": "2025-11-29T00:48:01.688Z", "updated_at": "2025-11-29T02:02:54.820Z"}}, {"model": "devices.device", "pk": 14, "fields": {"name": "Sun Next dusk", "type": "sensor", "room": "Sin Asignar", "is_on": true, "value": "2025-11-29T23:42:10+00:00", "unit": null, "is_online": true, "entity_id": "sensor.sun_next_dusk", "ha_domain": "sensor", "created_at": "2025-11-29T00:48:01.691Z", "updated_at": "2025-11-29T02:02:54.823Z"}}, {"model": "devices.device", "pk": 15, "fields": {"name": "Sun Next midnight", "type": "sensor", "room": "Sin Asignar", "is_on": true, "value": "2025-11-29T05:04:25+00:00", "unit": null, "is_online": true, "entity_id": "sensor.sun_next_midnight", "ha_domain": "sensor", "created_at": "2025-11-29T00:48:01.694Z", "updated_at": "2025-11-29T02:02:54.826Z"}}, {"model": "devices.device", "pk": 16, "fields": {"name": "Sun Next noon", "type": "sensor", "room": "Sin Asignar", "is_on": true, "value": "2025-11-29T17:04:09+00:00", "unit": null, "is_online": true, "entity_id": "sensor.sun_next_noon", "ha_domain": "sensor", "created_at": "2025-11-29T00:48:01.697Z", "updated_at": "2025-11-29T02:02:54.829Z"}}, {"model": "devices.device", "pk": 17, "fields": {"name": "Sun Next rising", "type": "sensor", "room": "Sin Asignar", "is_on": true, "value": "2025-11-29T10:50:53+00:00", "unit": null, "is_online": true, "entity_id": "sensor.sun_next_rising", "ha_domain": "sensor", "created_at": "2025-11-29T00:48:01.699Z", "updated_at": "2025-11-29T02:02:54.832Z"}}, {"model": "devices.device", "pk": 18, "fields": {"name": "Sun Next setting", "type": "sensor", "room": "Sin Asignar", "is_on": true, "value": "2025-11-29T23:17:57+00:00", "unit": null, "is_online": true, "entity_id": "sensor.sun_next_setting", "ha_domain": "sensor", "created_at": "2025-11-29T00:48:01.703Z", "updated_at": "2025-11-29T02:02:54.835Z"}}, {"model": "devices.device", "pk": 19, "fields": {"name": "iPad de Guus Focus", "type": "sensor", "room": "Sin Asignar", "is_on": false, "value": null, "unit": null, "is_online": true, "entity_id": "binary_sensor.ipad_de_guus_focus", "ha_domain": "binary_sensor", "created_at": "2025-11-29T00:48:01.707Z", "updated_at": "2025-11-29T02:02:54.838Z"}}, {"model": "devices.device", "pk": 20, "fields": {"name": "iPad de Guus Activity", "type": "sensor", "room": "Sin Asignar", "is_on": true, "value": "Stationary", "unit": null, "is_online": true, "entity_id": "sensor.ipad_de_guus_activity", "ha_domain": "sensor", "created_at": "2025-11-29T00:48:01.710Z", "updated_at": "2025-11-29T02:02:54.841Z"}}, {"model": "devices.device", "pk": 21, "fields": {"name": "iPad de Guus Connection Type", "type": "sensor", "room": "Sin Asignar", "is_on": true, "value": "Wi-Fi", "unit": null, "is_online": true, "entity_id": "sensor.ipad_de_guus_connection_type", "ha_domain": "sensor", "created_at": "2025-11-29T00:48:01.713Z", "updated_at": "2025-11-29T02:02:54.844Z"}}, {"model": "devices.device", "pk": 22, "fields": {"name": "iPad de Guus Geocoded Location", "type": "sensor", "room": "Sin Asignar", "is_on": true, "value": "Cueva de los Tayos\nCuenca\nEcuador", "unit": null, "is_online": true, "entity_id": "sensor.ipad_de_guus_geocoded_location", "ha_domain": "sensor", "created_at": "2025-11-29T00:48:01.716Z", "updated_at": "2025-11-29T02:02:54.849Z"}}, {"model": "devices.device", "pk": 23, "fields": {"name": "iPad de Guus Last Update Trigger", "type": "sensor", "room": "Sin Asignar", "is_on": true, "value": "Background Fetch", "unit": null, "is_online": true, "entity_id": "sensor.ipad_de_guus_last_update_trigger", "ha_domain": "sensor", "created_at": "2025-11-29T00:48:01.719Z", "updated_at": "2025-11-29T02:02:54.852Z"}}, {"model": "devices.device", "pk": 24, "fields": {"name": "iPad de Guus App Version", "type": "sensor", "room": "Sin Asignar", "is_on": true, "value": "2025.10.0", "unit": null, "is_online": true, "entity_id": "sensor.ipad_de_guus_app_version", "ha_domain": "sensor", "created_at": "2025-11-29T00:48:01.722Z", "updated_at": "2025-11-29T02:02:54.857Z"}}, {"model": "devices.device", "pk": 25, "fields": {"name": "iPad de Guus Location permission", "type": "sensor", "room": "Sin Asignar", "is_on": true, "value": "Authorized when in use", "unit": null, "is_online": true, "entity_id": "sensor.ipad_de_guus_location_permission", "ha_domain": "sensor", "created_at": "2025-11-29T00:48:01.725Z", "updated_at": "2025-11-29T02:02:54.860Z"}}, {"model": "devices.device", "pk": 26, "fields": {"name": "iPad de Guus Audio Output", "type": "sensor", "room": "Sin Asignar", "is_on": true, "value": "Built-in Speaker", "unit": null, "is_online": true, "entity_id": "sensor.ipad_de_guus_audio_output", "ha_domain": "sensor", "created_at": "2025-11-29T00:48:01.729Z", "updated_at": "2025-11-29T02:02:54.864Z"}}, {"model": "devices.device", "pk": 27, "fields": {"name": "iPad de Guus Battery Level", "type": "sensor", "room": "Sin Asignar", "is_on": true, "value": "70", "unit": "%", "is_online": true, "entity_id": "sensor.ipad_de_guus_battery_level", "ha_domain": "sensor", "created_at": "2025-11-29T00:48:01.732Z", "updated_at": "2025-11-29T02:02:54.868Z"}}, {"model": "devices.device", "pk": 28, "fields": {"name": "iPad de Guus Storage", "type": "sensor", "room": "Sin Asignar", "is_on": true, "value": "35.09", "unit": "% available", "is_online": true, "entity_id": "sensor.ipad_de_guus_storage", "ha_domain": "sensor", "created_at": "2025-11-29T00:48:01.735Z", "updated_at": "2025-11-29T02:02:54.871Z"}}, {"model": "devices.device", "pk": 29, "fields": {"name": "iPad de Guus BSSID", "type": "sensor", "room": "Sin Asignar", "is_on": true, "value": "Not Connected", "unit": null, "is_online": true, "entity_id": "sensor.ipad_de_guus_bssid", "ha_domain": "sensor", "created_at": "2025-11-29T00:48:01.738Z", "updated_at": "2025-11-29T02:02:54.875Z"}}, {"model": "devices.device", "pk": 30, "fields": {"name": "iPad de Guus SSID", "type": "sensor", "room": "Sin Asignar", "is_on": true, "value": "Not Connected", "unit": null, "is_online": true, "entity_id": "sensor.ipad_de_guus_ssid", "ha_domain": "sensor", "created_at": "2025-11-29T00:48:01.743Z", "updated_at": "2025-11-29T02:02:54.878Z"}}, {"model": "devices.device", "pk": 31, "fields": {"name": "iPad de Guus Battery State", "type": "sensor", "room": "Sin Asignar", "is_on": true, "value": "Not Charging", "unit": null, "is_online": true, "entity_id": "sensor.ipad_de_guus_battery_state", "ha_domain": "sensor", "created_at": "2025-11-29T00:48:01.746Z", "updated_at": "2025-11-29T02:02:54.881Z"}}, {"model": "devices.device", "pk": 32, "fields": {"name": "iPad de Guus Distance", "type": "sensor", "room": "Sin Asignar", "is_on": true, "value": "0", "unit": "m", "is_online": true, "entity_id": "sensor.ipad_de_guus_distance", "ha_domain": "sensor", "created_at": "2025-11-29T00:48:01.750Z", "updated_at": "2025-11-29T02:02:54.886Z"}}, {"model": "devices.device", "pk": 33, "fields": {"name": "iPad de Guus Steps", "type": "sensor", "room": "Sin Asignar", "is_on": true, "value": "0", "unit": "steps", "is_online": true, "entity_id": "sensor.ipad_de_guus_steps", "ha_domain": "sensor", "created_at": "2025-11-29T00:48:01.754Z", "updated_at": "2025-11-29T02:02:54.889Z"}}, {"model": "devices.device", "pk": 34, "fields": {"name": "iPhone de Guus Battery Level", "type": "sensor", "room": "Sin Asignar", "is_on": true, "value": "25", "unit": "%", "is_online": true, "entity_id": "sensor.iphone_de_guus_battery_level", "ha_domain": "sensor", "created_at": "2025-11-29T00:48:01.758Z", "updated_at": "2025-11-29T02:02:54.892Z"}}, {"model": "devices.device", "pk": 35, "fields": {"name": "iPhone de Guus SIM 2", "type": "sensor", "room": "Sin Asignar", "is_on": false, "value": "unavailable", "unit": null, "is_online": false, "entity_id": "sensor.iphone_de_guus_sim_2", "ha_domain": "sensor", "created_at": "2025-11-29T00:48:01.761Z", "updated_at": "2025-11-29T02:02:54.895Z"}}, {"model": "devices.device", "pk": 36, "fields": {"name": "iPhone de Guus SIM 1", "type": "sensor", "room": "Sin Asignar", "is_on": false, "value": "unavailable", "unit": null, "is_online": false, "entity_id": "sensor.iphone_de_guus_sim_1", "ha_domain": "sensor", "created_at": "2025-11-29T00:48:01.764Z", "updated_at": "2025-11-29T02:02:54.899Z"}}, {"model": "devices.device", "pk": 37, "fields": {"name": "iPhone de Guus Geocoded Location", "type": "sensor", "room": "Sin Asignar", "is_on": false, "value": "unavailable", "unit": null, "is_online": false, "entity_id": "sensor.iphone_de_guus_geocoded_location", "ha_domain": "sensor", "created_at": "2025-11-29T00:48:01.767Z", "updated_at": "2025-11-29T02:02:54.902Z"}}, {"model": "devices.device", "pk": 38, "fields": {"name": "iPhone de Guus Last Update Trigger", "type": "sensor", "room": "Sin Asignar", "is_on": false, "value": "unavailable", "unit": null, "is_online": false, "entity_id": "sensor.iphone_de_guus_last_update_trigger", "ha_domain": "sensor", "created_at": "2025-11-29T00:48:01.770Z", "updated_at": "2025-11-29T02:02:54.906Z"}}, {"model": "devices.device", "pk": 39, "fields": {"name": "iPhone de Guus App Version", "type": "sensor", "room": "Sin Asignar", "is_on": true, "value": "2025.10.0", "unit": null, "is_online": true, "entity_id": "sensor.iphone_de_guus_app_version", "ha_domain": "sensor", "created_at": "2025-11-29T00:48:01.773Z", "updated_at": "2025-11-29T02:02:54.910Z"}}, {"model": "devices.device", "pk": 40, "fields": {"name": "iPhone de Guus Location permission", "type": "sensor", "room": "Sin Asignar", "is_on": true, "value": "Authorized Always", "unit": null, "is_online": true, "entity_id": "sensor.iphone_de_guus_location_permission", "ha_domain": "sensor", "created_at": "2025-11-29T00:48:01.776Z", "updated_at": "2025-11-29T02:02:54.913Z"}}, {"model": "devices.device", "pk": 41, "fields": {"name": "iPhone de Guus SSID", "type": "sensor", "room": "Sin Asignar", "is_on": false, "value": "unavailable", "unit": null, "is_online": false, "entity_id": "sensor.iphone_de_guus_ssid", "ha_domain": "sensor", "created_at": "2025-11-29T00:48:01.779Z", "updated_at": "2025-11-29T02:02:54.916Z"}}, {"model": "devices.device", "pk": 42, "fields": {"name": "iPhone de Guus Battery State", "type": "sensor", "room": "Sin Asignar", "is_on": true, "value": "Not Charging", "unit": null, "is_online": true, "entity_id": "sensor.iphone_de_guus_battery_state", "ha_domain": "sensor", "created_at": "2025-11-29T00:48:01.782Z", "updated_at": "2025-11-29T02:02:54.920Z"}}, {"model": "devices.device", "pk": 43, "fields": {"name": "iPhone de Guus BSSID", "type": "sensor", "room": "Sin Asignar", "is_on": false, "value": "unavailable", "unit": null, "is_online": false, "entity_id": "sensor.iphone_de_guus_bssid", "ha_domain": "sensor", "created_at": "2025-11-29T00:48:01.785Z", "updated_at": "2025-11-29T02:02:54.924Z"}}, {"model": "devices.device", "pk": 44, "fields": {"name": "iPhone de Guus Storage", "type": "sensor", "room": "Sin Asignar", "is_on": false, "value": "unavailable", "unit": "% available", "is_online": false, "entity_id": "sensor.iphone_de_guus_storage", "ha_domain": "sensor", "created_at": "2025-11-29T00:48:01.788Z", "updated_at": "2025-11-29T02:02:54.928Z"}}, {"model": "devices.device", "pk": 45, "fields": {"name": "iPhone de Guus Connection Type", "type": "sensor", "room": "Sin Asignar", "is_on": false, "value": "unavailable", "unit": null, "is_online": false, "entity_id": "sensor.iphone_de_guus_connection_type", "ha_domain": "sensor", "created_at": "2025-11-29T00:48:01.792Z", "updated_at": "2025-11-29T02:02:54.932Z"}}, {"model": "devices.device", "pk": 46, "fields": {"name": "iPhone de Guus Audio Output", "type": "sensor", "room": "Sin Asignar", "is_on": false, "value": "unavailable", "unit": null, "is_online": false, "entity_id": "sensor.iphone_de_guus_audio_output", "ha_domain": "sensor", "created_at": "2025-11-29T00:48:01.795Z", "updated_at": "2025-11-29T02:02:54.936Z"}}, {"model": "devices.device", "pk": 47, "fields": {"name": "Acuario", "type": "light", "room": "Board Room", "is_on": false, "value": null, "unit": null, "is_online": true, "entity_id": "light.ingreso_switch_1", "ha_domain": "light", "created_at": "2025-11-29T00:48:01.798Z", "updated_at": "2025-12-03T19:03:31.115Z"}}, {"model": "devices.device", "pk": 48, "fields": {"name": "Estar", "type": "light", "room": "Board Room", "is_on": false, "value": null, "unit": null, "is_online": true, "entity_id": "light.ingreso_switch_2", "ha_domain": "light", "created_at": "2025-11-29T00:48:01.801Z", "updated_at": "2025-12-03T20:27:43.307Z"}}, {"model": "devices.device", "pk": 49, "fields": {"name": "Mueble", "type": "light", "room": "Board Room", "is_on": true, "value": null, "unit": null, "is_online": true, "entity_id": "light.ingreso_switch_3", "ha_domain": "light", "created_at": "2025-11-29T00:48:01.804Z", "updated_at": "2025-11-29T15:59:49.586Z"}}, {"model": "devices.device", "pk": 50, "fields": {"name": "Ingreso", "type": "light", "room": "Board Room", "is_on": false, "value": null, "unit": null, "is_online": true, "entity_id": "light.ingreso_switch_4", "ha_domain": "light", "created_at": "2025-11-29T00:48:01.808Z", "updated_at": "2025-11-29T14:51:38.605Z"}}, {"model": "devices.device", "pk": 51, "fields": {"name": "Desayunador blanca ", "type": "light", "room": "Kitchen", "is_on": false, "value": null, "unit": null, "is_online": true, "entity_id": "light.desayunador_blanca", "ha_domain": "light", "created_at": "2025-11-29T00:48:01.811Z", "updated_at": "2025-12-02T22:05:32.743Z"}}, {"model": "devices.device", "pk": 52, "fields": {"name": "Ingreso  Backlight", "type": "light", "room": "Board Room", "is_on": false, "value": null, "unit": null, "is_online": true, "entity_id": "light.ingreso_backlight", "ha_domain": "light", "created_at": "2025-11-29T00:48:01.814Z", "updated_at": "2025-11-29T02:55:12.638Z"}}, {"model": "devices.device", "pk": 53, "fields": {"name": "Acuario", "type": "switch", "room": "Board Room", "is_on": false, "value": null, "unit": null, "is_online": true, "entity_id": "switch.ingreso_switch_1", "ha_domain": "switch", "created_at": "2025-11-29T00:48:01.817Z", "updated_at": "2025-12-02T22:05:08.695Z"}}, {"model": "devices.device", "pk": 54, "fields": {"name": "Estar", "type": "switch", "room": "Board Room", "is_on": false, "value": null, "unit": null, "is_online": true, "entity_id": "switch.ingreso_switch_2", "ha_domain": "switch", "created_at": "2025-11-29T00:48:01.820Z", "updated_at": "2025-11-29T02:02:54.966Z"}}, {"model": "devices.device", "pk": 55, "fields": {"name": "Mueble", "type": "switch", "room": "Board Room", "is_on": true, "value": null, "unit": null, "is_online": true, "entity_id": "switch.ingreso_switch_3", "ha_domain": "switch", "created_at": "2025-11-29T00:48:01.822Z", "updated_at": "2025-11-29T02:02:54.970Z"}}, {"model": "devices.device", "pk": 56, "fields": {"name": "Ingreso", "type": "switch", "room": "Board Room", "is_on": false, "value": null, "unit": null, "is_online": true, "entity_id": "switch.ingreso_switch_4", "ha_domain": "switch", "created_at": "2025-11-29T00:48:01.827Z", "updated_at": "2025-11-29T02:02:54.973Z"}}, {"model": "devices.device", "pk": 57, "fields": {"name": "NEZU ADB 192.168.1.37:5555 NEZU Pizarra", "type": "switch", "room": "Sin Asignar", "is_on": false, "value": null, "unit": null, "is_online": true, "entity_id": "switch.nezu_adb_192_168_1_37_5555_nezu_pizarra", "ha_domain": "switch", "created_at": "2025-11-29T00:48:01.830Z", "updated_at": "2025-11-29T02:02:54.976Z"}}, {"model": "devices.device", "pk": 58, "fields": {"name": "NEZU ADB 192.168.1.37:5555 NEZU Inicio", "type": "switch", "room": "Sin Asignar", "is_on": false, "value": null, "unit": null, "is_online": true, "entity_id": "switch.nezu_adb_192_168_1_37_5555_nezu_inicio", "ha_domain": "switch", "created_at": "2025-11-29T00:48:01.832Z", "updated_at": "2025-11-29T02:07:11.441Z"}}, {"model": "devices.device", "pk": 59, "fields": {"name": "NEZU ADB 192.168.1.37:5555 NEZU Meet", "type": "switch", "room": "Sin Asignar", "is_on": false, "value": null, "unit": null, "is_online": true, "entity_id": "switch.nezu_adb_192_168_1_37_5555_nezu_meet", "ha_domain": "switch", "created_at": "2025-11-29T00:48:01.836Z", "updated_at": "2025-11-29T02:06:59.081Z"}}, {"model": "devices.device", "pk": 60, "fields": {"name": "commands_oficina", "type": "sensor", "room": "Sin Asignar", "is_on": true, "value": "11", "unit": null, "is_online": true, "entity_id": "sensor.commands_oficina", "ha_domain": "sensor", "created_at": "2025-11-29T00:48:01.839Z", "updated_at": "2025-11-29T02:02:54.988Z"}}, {"model": "devices.device", "pk": 61, "fields": {"name": "NEZU ADB 192.168.1.37:5555 NEZU Proyector", "type": "switch", "room": "Sin Asignar", "is_on": false, "value": null, "unit": null, "is_online": true, "entity_id": "switch.nezu_adb_192_168_1_37_5555_nezu_proyector", "ha_domain": "switch", "created_at": "2025-11-29T00:48:01.843Z", "updated_at": "2025-11-29T02:02:54.992Z"}}, {"model": "devices.device", "pk": 62, "fields": {"name": "NEZU ADB 192.168.1.37:5555 NEZU YouTube", "type": "switch", "room": "Sin Asignar", "is_on": false, "value": null, "unit": null, "is_online": true, "entity_id": "switch.nezu_adb_192_168_1_37_5555_nezu_youtube", "ha_domain": "switch", "created_at": "2025-11-29T00:48:01.845Z", "updated_at": "2025-11-29T02:02:54.996Z"}}, {"model": "devices.device", "pk": 63, "fields": {"name": "NEZU ADB 192.168.1.37:5555 NEZU Zoom", "type": "switch", "room": "Sin Asignar", "is_on": true, "value": null, "unit": null, "is_online": true, "entity_id": "switch.nezu_adb_192_168_1_37_5555_nezu_zoom", "ha_domain": "switch", "created_at": "2025-11-29T00:48:01.848Z", "updated_at": "2025-11-29T02:02:54.999Z"}}, {"model": "devices.device", "pk": 64, "fields": {"name": "NEZU ADB 192.168.1.37:5555 NEZU Brave", "type": "switch", "room": "Sin Asignar", "is_on": true, "value": null, "unit": null, "is_online": true, "entity_id": "switch.nezu_adb_192_168_1_37_5555_nezu_brave", "ha_domain": "switch", "created_at": "2025-11-29T00:48:01.851Z", "updated_at": "2025-11-29T02:02:55.003Z"}}, {"model": "devices.device", "pk": 65, "fields": {"name": "NEZU ADB 192.168.1.37:5555 NEZU Chrome", "type": "switch", "room": "Sin Asignar", "is_on": true, "value": null, "unit": null, "is_online": true, "entity_id": "switch.nezu_adb_192_168_1_37_5555_nezu_chrome", "ha_domain": "switch", "created_at": "2025-11-29T00:48:01.855Z", "updated_at": "2025-11-29T02:02:55.007Z"}}, {"model": "devices.device", "pk": 66, "fields": {"name": "NEZU ADB 192.168.1.37:5555 NEZU Camara", "type": "switch", "room": "Sin Asignar", "is_on": true, "value": null, "unit": null, "is_online": true, "entity_id": "switch.nezu_adb_192_168_1_37_5555_nezu_camara", "ha_domain": "switch", "created_at": "2025-11-29T00:48:01.858Z", "updated_at": "2025-11-29T02:02:55.010Z"}}, {"model": "devices.device", "pk": 67, "fields": {"name": "NEZU ADB 192.168.1.37:5555 NEZU Limpiar caché", "type": "switch", "room": "Sin Asignar", "is_on": true, "value": null, "unit": null, "is_online": true, "entity_id": "switch.nezu_adb_192_168_1_37_5555_nezu_limpiar_cache", "ha_domain": "switch", "created_at": "2025-11-29T00:48:01.861Z", "updated_at": "2025-11-29T02:02:55.015Z"}}, {"model": "devices.device", "pk": 68, "fields": {"name": "NEZU ADB 192.168.1.37:5555 NEZU Notificaciones", "type": "switch", "room": "Sin Asignar", "is_on": true, "value": null, "unit": null, "is_online": true, "entity_id": "switch.nezu_adb_192_168_1_37_5555_nezu_notificaciones", "ha_domain": "switch", "created_at": "2025-11-29T00:48:01.864Z", "updated_at": "2025-11-29T02:02:55.019Z"}}, {"model": "devices.device", "pk": 69, "fields": {"name": "NEZU ADB 192.168.1.37:5555 NEZU Bloquear", "type": "switch", "room": "Sin Asignar", "is_on": true, "value": null, "unit": null, "is_online": true, "entity_id": "switch.nezu_adb_192_168_1_37_5555_nezu_bloquear", "ha_domain": "switch", "created_at": "2025-11-29T00:48:01.867Z", "updated_at": "2025-11-29T02:02:55.022Z"}}, {"model": "devices.device", "pk": 70, "fields": {"name": "NEZU ADB 192.168.1.37:5555 NEZU Silencio", "type": "switch", "room": "Sin Asignar", "is_on": true, "value": null, "unit": null, "is_online": true, "entity_id": "switch.nezu_adb_192_168_1_37_5555_nezu_silencio", "ha_domain": "switch", "created_at": "2025-11-29T00:48:01.872Z", "updated_at": "2025-11-29T02:02:55.026Z"}}, {"model": "devices.device", "pk": 71, "fields": {"name": "NEZU ADB 192.168.1.37:5555 NEZU Apagar", "type": "switch", "room": "Sin Asignar", "is_on": true, "value": null, "unit": null, "is_online": true, "entity_id": "switch.nezu_adb_192_168_1_37_5555_nezu_apagar", "ha_domain": "switch", "created_at": "2025-11-29T00:48:01.876Z", "updated_at": "2025-11-29T02:02:55.029Z"}}, {"model": "devices.device", "pk": 72, "fields": {"name": "NEZU ADB 192.168.1.37:5555 NEZU Reiniciar", "type": "switch", "room": "Sin Asignar", "is_on": true, "value": null, "unit": null, "is_online": true, "entity_id": "switch.nezu_adb_192_168_1_37_5555_nezu_reiniciar", "ha_domain": "switch", "created_at": "2025-11-29T00:48:01.878Z", "updated_at": "2025-11-29T02:02:55.032Z"}}, {"model": "devices.device", "pk": 73, "fields": {"name": "NEZU ADB 192.168.1.37:5555 NEZU Captura", "type": "switch", "room": "Sin Asignar", "is_on": true, "value": null, "unit": null, "is_online": true, "entity_id": "switch.nezu_adb_192_168_1_37_5555_nezu_captura", "ha_domain": "switch", "created_at": "2025-11-29T00:48:01.881Z", "updated_at": "2025-11-29T02:02:55.035Z"}}, {"model": "devices.device", "pk": 74, "fields": {"name": "NEZU ADB 192.168.1.37:5555 NEZU Ajustes", "type": "switch", "room": "Sin Asignar", "is_on": true, "value": null, "unit": null, "is_online": true, "entity_id": "switch.nezu_adb_192_168_1_37_5555_nezu_ajustes", "ha_domain": "switch", "created_at": "2025-11-29T00:48:01.886Z", "updated_at": "2025-11-29T02:02:55.039Z"}}, {"model": "devices.device", "pk": 75, "fields": {"name": "NEZU ADB 192.168.1.37:5555 NEZU Desbloquear", "type": "switch", "room": "Sin Asignar", "is_on": true, "value": null, "unit": null, "is_online": true, "entity_id": "switch.nezu_adb_192_168_1_37_5555_nezu_desbloquear", "ha_domain": "switch", "created_at": "2025-11-29T00:48:01.889Z", "updated_at": "2025-11-29T02:02:55.041Z"}}, {"model": "devices.device", "pk": 76, "fields": {"name": "NEZU ADB 192.168.1.37:5555 NEZU Bajar volumen", "type": "switch", "room": "Sin Asignar", "is_on": true, "value": null, "unit": null, "is_online": true, "entity_id": "switch.nezu_adb_192_168_1_37_5555_nezu_bajar_volumen", "ha_domain": "switch", "created_at": "2025-11-29T00:48:01.893Z", "updated_at": "2025-11-29T02:02:55.047Z"}}, {"model": "devices.device", "pk": 77, "fields": {"name": "NEZU ADB 192.168.1.37:5555 NEZU Subir volumen", "type": "switch", "room": "Sin Asignar", "is_on": true, "value": null, "unit": null, "is_online": true, "entity_id": "switch.nezu_adb_192_168_1_37_5555_nezu_subir_volumen", "ha_domain": "switch", "created_at": "2025-11-29T00:48:01.896Z", "updated_at": "2025-11-29T02:02:55.051Z"}}, {"model": "devices.device", "pk": 78, "fields": {"name": "Gata", "type": "switch", "room": "Tech", "is_on": true, "value": null, "unit": null, "is_online": true, "entity_id": "switch.sonoff_1000f28266", "ha_domain": "switch", "created_at": "2025-11-29T00:48:01.898Z", "updated_at": "2025-12-04T20:29:03.651Z"}}, {"model": "devices.device", "pk": 79, "fields": {"name": "Channel1", "type": "switch", "room": "Kitchen", "is_on": false, "value": null, "unit": null, "is_online": true, "entity_id": "switch.sonoff_100177eb58_1", "ha_domain": "switch", "created_at": "2025-11-29T00:48:01.901Z", "updated_at": "2025-12-03T18:09:14.293Z"}}, {"model": "devices.device", "pk": 80, "fields": {"name": "Desayunador blanca ", "type": "switch", "room": "Kitchen", "is_on": false, "value": null, "unit": null, "is_online": true, "entity_id": "switch.sonoff_100177eb58_2", "ha_domain": "switch", "created_at": "2025-11-29T00:48:01.905Z", "updated_at": "2025-11-29T17:48:55.456Z"}}, {"model": "devices.device", "pk": 81, "fields": {"name": "Desayunador cálida ", "type": "switch", "room": "Kitchen", "is_on": false, "value": null, "unit": null, "is_online": true, "entity_id": "switch.sonoff_100177eb58_3", "ha_domain": "switch", "created_at": "2025-11-29T00:48:01.908Z", "updated_at": "2025-12-02T22:17:50.786Z"}}, {"model": "devices.device", "pk": 82, "fields": {"name": "Mesón ", "type": "switch", "room": "Kitchen", "is_on": false, "value": null, "unit": null, "is_online": true, "entity_id": "switch.sonoff_100177eb58_4", "ha_domain": "switch", "created_at": "2025-11-29T00:48:01.911Z", "updated_at": "2025-11-29T14:52:29.211Z"}}, {"model": "devices.device", "pk": 83, "fields": {"name": "Dicroicos ", "type": "switch", "room": "Tech", "is_on": true, "value": null, "unit": null, "is_online": true, "entity_id": "switch.sonoff_1001578895_1", "ha_domain": "switch", "created_at": "2025-11-29T00:48:01.915Z", "updated_at": "2025-12-04T20:29:02.683Z"}}, {"model": "devices.device", "pk": 84, "fields": {"name": "Central ", "type": "switch", "room": "Tech", "is_on": true, "value": null, "unit": null, "is_online": true, "entity_id": "switch.sonoff_1001578895_2", "ha_domain": "switch", "created_at": "2025-11-29T00:48:01.917Z", "updated_at": "2025-12-04T20:29:01.874Z"}}, {"model": "devices.device", "pk": 85, "fields": {"name": "Cocina", "type": "switch", "room": "Kitchen", "is_on": false, "value": null, "unit": null, "is_online": true, "entity_id": "switch.sonoff_1000f2f31f", "ha_domain": "switch", "created_at": "2025-11-29T00:48:01.921Z", "updated_at": "2025-12-03T18:09:16.409Z"}}, {"model": "devices.device", "pk": 86, "fields": {"name": "Central ", "type": "switch", "room": "Board Room", "is_on": false, "value": null, "unit": null, "is_online": true, "entity_id": "switch.sonoff_10010fe8d5_1", "ha_domain": "switch", "created_at": "2025-11-29T00:48:01.924Z", "updated_at": "2025-11-29T15:59:43.507Z"}}, {"model": "devices.device", "pk": 87, "fields": {"name": "Secundaria", "type": "switch", "room": "Board Room", "is_on": false, "value": null, "unit": null, "is_online": true, "entity_id": "switch.sonoff_10010fe8d5_2", "ha_domain": "switch", "created_at": "2025-11-29T00:48:01.927Z", "updated_at": "2025-11-29T02:02:55.083Z"}}, {"model": "devices.device", "pk": 88, "fields": {"name": "Jardín ", "type": "switch", "room": "Board Room", "is_on": false, "value": null, "unit": null, "is_online": true, "entity_id": "switch.sonoff_10010fe8d5_3", "ha_domain": "switch", "created_at": "2025-11-29T00:48:01.930Z", "updated_at": "2025-11-29T14:41:43.151Z"}}, {"model": "devices.device", "pk": 89, "fields": {"name": "Pantalla Oficina device", "type": "sensor", "room": "Board Room", "is_on": true, "value": "192.168.1.12", "unit": null, "is_online": true, "entity_id": "sensor.pantalla_oficina_device", "ha_domain": "sensor", "created_at": "2025-11-29T00:48:01.933Z", "updated_at": "2025-11-29T02:02:55.090Z"}}, {"model": "devices.device", "pk": 90, "fields": {"name": "Pantalla Oficina alarms", "type": "sensor", "room": "Board Room", "is_on": false, "value": "unavailable", "unit": null, "is_online": false, "entity_id": "sensor.pantalla_oficina_alarms", "ha_domain": "sensor", "created_at": "2025-11-29T00:48:01.936Z", "updated_at": "2025-11-29T02:02:55.093Z"}}, {"model": "devices.device", "pk": 91, "fields": {"name": "Pantalla Oficina timers", "type": "sensor", "room": "Board Room", "is_on": false, "value": "unavailable", "unit": null, "is_online": false, "entity_id": "sensor.pantalla_oficina_timers", "ha_domain": "sensor", "created_at": "2025-11-29T00:48:01.939Z", "updated_at": "2025-11-29T02:02:55.096Z"}}, {"model": "devices.device", "pk": 92, "fields": {"name": "Taller speaker device", "type": "sensor", "room": "Sin Asignar", "is_on": true, "value": "192.168.1.8", "unit": null, "is_online": true, "entity_id": "sensor.taller_speaker_device", "ha_domain": "sensor", "created_at": "2025-11-29T00:48:01.943Z", "updated_at": "2025-11-29T02:02:55.099Z"}}, {"model": "devices.device", "pk": 93, "fields": {"name": "Taller speaker alarms", "type": "sensor", "room": "Sin Asignar", "is_on": false, "value": "unavailable", "unit": null, "is_online": false, "entity_id": "sensor.taller_speaker_alarms", "ha_domain": "sensor", "created_at": "2025-11-29T00:48:01.946Z", "updated_at": "2025-11-29T02:02:55.103Z"}}, {"model": "devices.device", "pk": 94, "fields": {"name": "Taller speaker timers", "type": "sensor", "room": "Sin Asignar", "is_on": false, "value": "unavailable", "unit": null, "is_online": false, "entity_id": "sensor.taller_speaker_timers", "ha_domain": "sensor", "created_at": "2025-11-29T00:48:01.949Z", "updated_at": "2025-11-29T02:02:55.107Z"}}, {"model": "devices.device", "pk": 95, "fields": {"name": "Pantalla Oficina Do Not Disturb", "type": "switch", "room": "Board Room", "is_on": false, "value": null, "unit": null, "is_online": true, "entity_id": "switch.pantalla_oficina_do_not_disturb", "ha_domain": "switch", "created_at": "2025-11-29T00:48:01.952Z", "updated_at": "2025-11-29T14:54:07.383Z"}}, {"model": "devices.device", "pk": 96, "fields": {"name": "Taller speaker Do Not Disturb", "type": "switch", "room": "Sin Asignar", "is_on": true, "value": null, "unit": null, "is_online": true, "entity_id": "switch.taller_speaker_do_not_disturb", "ha_domain": "switch", "created_at": "2025-11-29T00:48:01.956Z", "updated_at": "2025-11-29T02:02:55.115Z"}}, {"model": "devices.device", "pk": 97, "fields": {"name": "browser_mod_17b58ed9_487de7e3 Browser ID", "type": "sensor", "room": "Sin Asignar", "is_on": false, "value": "unavailable", "unit": null, "is_online": false, "entity_id": "sensor.browser_mod_17b58ed9_487de7e3_browser_id", "ha_domain": "sensor", "created_at": "2025-11-29T00:48:01.959Z", "updated_at": "2025-11-29T02:02:55.117Z"}}, {"model": "devices.device", "pk": 98, "fields": {"name": "browser_mod_17b58ed9_487de7e3 Browser path", "type": "sensor", "room": "Sin Asignar", "is_on": false, "value": "unavailable", "unit": null, "is_online": false, "entity_id": "sensor.browser_mod_17b58ed9_487de7e3_browser_path", "ha_domain": "sensor", "created_at": "2025-11-29T00:48:01.962Z", "updated_at": "2025-11-29T02:02:55.120Z"}}, {"model": "devices.device", "pk": 99, "fields": {"name": "browser_mod_17b58ed9_487de7e3 Browser visibility", "type": "sensor", "room": "Sin Asignar", "is_on": false, "value": "unavailable", "unit": null, "is_online": false, "entity_id": "sensor.browser_mod_17b58ed9_487de7e3_browser_visibility", "ha_domain": "sensor", "created_at": "2025-11-29T00:48:01.965Z", "updated_at": "2025-11-29T02:02:55.124Z"}}, {"model": "devices.device", "pk": 100, "fields": {"name": "browser_mod_17b58ed9_487de7e3 Browser userAgent", "type": "sensor", "room": "Sin Asignar", "is_on": false, "value": "unavailable", "unit": null, "is_online": false, "entity_id": "sensor.browser_mod_17b58ed9_487de7e3_browser_useragent", "ha_domain": "sensor", "created_at": "2025-11-29T00:48:01.969Z", "updated_at": "2025-11-29T02:02:55.127Z"}}, {"model": "devices.device", "pk": 101, "fields": {"name": "browser_mod_17b58ed9_487de7e3 Browser user", "type": "sensor", "room": "Sin Asignar", "is_on": false, "value": "unavailable", "unit": null, "is_online": false, "entity_id": "sensor.browser_mod_17b58ed9_487de7e3_browser_user", "ha_domain": "sensor", "created_at": "2025-11-29T00:48:01.972Z", "updated_at": "2025-11-29T02:02:55.129Z"}}, {"model": "devices.device", "pk": 102, "fields": {"name": "browser_mod_17b58ed9_487de7e3 Browser FullyKiosk", "type": "sensor", "room": "Sin Asignar", "is_on": false, "value": null, "unit": null, "is_online": false, "entity_id": "binary_sensor.browser_mod_17b58ed9_487de7e3_browser_fullykiosk", "ha_domain": "binary_sensor", "created_at": "2025-11-29T00:48:01.977Z", "updated_at": "2025-11-29T02:02:55.132Z"}}, {"model": "devices.device", "pk": 103, "fields": {"name": "browser_mod_17b58ed9_487de7e3 Browser width", "type": "sensor", "room": "Sin Asignar", "is_on": false, "value": "unavailable", "unit": "px", "is_online": false, "entity_id": "sensor.browser_mod_17b58ed9_487de7e3_browser_width", "ha_domain": "sensor", "created_at": "2025-11-29T00:48:01.979Z", "updated_at": "2025-11-29T02:02:55.135Z"}}, {"model": "devices.device", "pk": 104, "fields": {"name": "browser_mod_17b58ed9_487de7e3 Browser height", "type": "sensor", "room": "Sin Asignar", "is_on": false, "value": "unavailable", "unit": "px", "is_online": false, "entity_id": "sensor.browser_mod_17b58ed9_487de7e3_browser_height", "ha_domain": "sensor", "created_at": "2025-11-29T00:48:01.983Z", "updated_at": "2025-11-29T02:02:55.137Z"}}, {"model": "devices.device", "pk": 105, "fields": {"name": "browser_mod_17b58ed9_487de7e3 Browser dark mode", "type": "sensor", "room": "Sin Asignar", "is_on": false, "value": null, "unit": null, "is_online": false, "entity_id": "binary_sensor.browser_mod_17b58ed9_487de7e3_browser_dark_mode", "ha_domain": "binary_sensor", "created_at": "2025-11-29T00:48:01.986Z", "updated_at": "2025-11-29T02:02:55.141Z"}}, {"model": "devices.device", "pk": 106, "fields": {"name": "browser_mod_17b58ed9_487de7e3", "type": "sensor", "room": "Sin Asignar", "is_on": false, "value": null, "unit": null, "is_online": false, "entity_id": "binary_sensor.browser_mod_17b58ed9_487de7e3", "ha_domain": "binary_sensor", "created_at": "2025-11-29T00:48:01.990Z", "updated_at": "2025-11-29T02:02:55.145Z"}}, {"model": "devices.device", "pk": 107, "fields": {"name": "browser_mod_17b58ed9_487de7e3 Screen", "type": "light", "room": "Sin Asignar", "is_on": false, "value": null, "unit": null, "is_online": false, "entity_id": "light.browser_mod_17b58ed9_487de7e3_screen", "ha_domain": "light", "created_at": "2025-11-29T00:48:01.993Z", "updated_at": "2025-11-29T02:02:55.148Z"}}, {"model": "devices.device", "pk": 108, "fields": {"name": "browser_mod_17b58ed9_487de7e3 Panel", "type": "sensor", "room": "Sin Asignar", "is_on": false, "value": "unavailable", "unit": null, "is_online": false, "entity_id": "sensor.browser_mod_17b58ed9_487de7e3_panel", "ha_domain": "sensor", "created_at": "2025-11-29T00:48:01.996Z", "updated_at": "2025-11-29T02:02:55.151Z"}}, {"model": "devices.device", "pk": 109, "fields": {"name": "Echo Dot de Nezu do not disturb switch", "type": "switch", "room": "Tech", "is_on": false, "value": null, "unit": null, "is_online": false, "entity_id": "switch.echo_dot_de_nezu_do_not_disturb_switch", "ha_domain": "switch", "created_at": "2025-11-29T00:48:02.000Z", "updated_at": "2025-11-29T02:02:55.154Z"}}, {"model": "devices.device", "pk": 110, "fields": {"name": "Echo Dot de Nezu shuffle switch", "type": "switch", "room": "Tech", "is_on": false, "value": null, "unit": null, "is_online": false, "entity_id": "switch.echo_dot_de_nezu_shuffle_switch", "ha_domain": "switch", "created_at": "2025-11-29T00:48:02.005Z", "updated_at": "2025-11-29T02:02:55.158Z"}}, {"model": "devices.device", "pk": 111, "fields": {"name": "Echo Dot de Nezu repeat switch", "type": "switch", "room": "Tech", "is_on": false, "value": null, "unit": null, "is_online": false, "entity_id": "switch.echo_dot_de_nezu_repeat_switch", "ha_domain": "switch", "created_at": "2025-11-29T00:48:02.009Z", "updated_at": "2025-11-29T02:02:55.162Z"}}, {"model": "devices.device", "pk": 112, "fields": {"name": "This Device do not disturb switch", "type": "switch", "room": "Tech", "is_on": false, "value": null, "unit": null, "is_online": false, "entity_id": "switch.this_device_do_not_disturb_switch", "ha_domain": "switch", "created_at": "2025-11-29T00:48:02.012Z", "updated_at": "2025-11-29T02:02:55.166Z"}}, {"model": "devices.device", "pk": 113, "fields": {"name": "Echo Dot de Nezu next Alarm", "type": "sensor", "room": "Tech", "is_on": false, "value": "unavailable", "unit": null, "is_online": false, "entity_id": "sensor.echo_dot_de_nezu_next_alarm", "ha_domain": "sensor", "created_at": "2025-11-29T00:48:02.016Z", "updated_at": "2025-11-29T02:02:55.169Z"}}, {"model": "devices.device", "pk": 114, "fields": {"name": "Echo Dot de Nezu next Timer", "type": "sensor", "room": "Tech", "is_on": false, "value": "unavailable", "unit": null, "is_online": false, "entity_id": "sensor.echo_dot_de_nezu_next_timer", "ha_domain": "sensor", "created_at": "2025-11-29T00:48:02.018Z", "updated_at": "2025-11-29T02:02:55.173Z"}}, {"model": "devices.device", "pk": 115, "fields": {"name": "Echo Dot de Nezu next Reminder", "type": "sensor", "room": "Tech", "is_on": false, "value": "unavailable", "unit": null, "is_online": false, "entity_id": "sensor.echo_dot_de_nezu_next_reminder", "ha_domain": "sensor", "created_at": "2025-11-29T00:48:02.022Z", "updated_at": "2025-11-29T02:02:55.176Z"}}, {"model": "devices.device", "pk": 116, "fields": {"name": "This Device next Alarm", "type": "sensor", "room": "Tech", "is_on": false, "value": "unavailable", "unit": null, "is_online": false, "entity_id": "sensor.this_device_next_alarm", "ha_domain": "sensor", "created_at": "2025-11-29T00:48:02.026Z", "updated_at": "2025-11-29T02:02:55.179Z"}}, {"model": "devices.device", "pk": 117, "fields": {"name": "This Device next Timer", "type": "sensor", "room": "Tech", "is_on": false, "value": "unavailable", "unit": null, "is_online": false, "entity_id": "sensor.this_device_next_timer", "ha_domain": "sensor", "created_at": "2025-11-29T00:48:02.029Z", "updated_at": "2025-11-29T02:02:55.184Z"}}, {"model": "devices.device", "pk": 118, "fields": {"name": "This Device next Reminder", "type": "sensor", "room": "Tech", "is_on": false, "value": "unavailable", "unit": null, "is_online": false, "entity_id": "sensor.this_device_next_reminder", "ha_domain": "sensor", "created_at": "2025-11-29T00:48:02.032Z", "updated_at": "2025-11-29T02:02:55.186Z"}}, {"model": "devices.device", "pk": 120, "fields": {"name": "External IP", "type": "sensor", "room": "Sin Asignar", "is_on": false, "value": "unavailable", "unit": null, "is_online": false, "entity_id": "sensor.broadcom_adsl_router_external_ip", "ha_domain": "sensor", "created_at": "2025-11-29T00:48:02.039Z", "updated_at": "2025-11-29T02:02:55.193Z"}}, {"model": "devices.device", "pk": 121, "fields": {"name": "Download speed", "type": "sensor", "room": "Sin Asignar", "is_on": false, "value": "unavailable", "unit": "KiB/s", "is_online": false, "entity_id": "sensor.broadcom_adsl_router_download_speed", "ha_domain": "sensor", "created_at": "2025-11-29T00:48:02.043Z", "updated_at": "2025-11-29T02:02:55.197Z"}}, {"model": "devices.device", "pk": 122, "fields": {"name": "Upload speed", "type": "sensor", "room": "Sin Asignar", "is_on": false, "value": "unavailable", "unit": "KiB/s", "is_online": false, "entity_id": "sensor.broadcom_adsl_router_upload_speed", "ha_domain": "sensor", "created_at": "2025-11-29T00:48:02.046Z", "updated_at": "2025-11-29T02:02:55.201Z"}}, {"model": "devices.device", "pk": 123, "fields": {"name": "light.addressable_v3_5v_136093", "type": "light", "room": "Board Room", "is_on": false, "value": null, "unit": null, "is_online": false, "entity_id": "light.addressable_v3_5v_136093", "ha_domain": "light", "created_at": "2025-11-29T00:48:02.050Z", "updated_at": "2025-11-29T02:02:55.204Z"}}, {"model": "devices.device", "pk": 124, "fields": {"name": "Paired remotes", "type": "sensor", "room": "Board Room", "is_on": false, "value": "unavailable", "unit": null, "is_online": false, "entity_id": "sensor.addressable_v3_5v_136093_paired_remotes", "ha_domain": "sensor", "created_at": "2025-11-29T00:48:02.053Z", "updated_at": "2025-11-29T02:02:55.207Z"}}, {"model": "devices.device", "pk": 125, "fields": {"name": "Remote access", "type": "switch", "room": "Board Room", "is_on": false, "value": null, "unit": null, "is_online": false, "entity_id": "switch.addressable_v3_5v_136093_remote_access", "ha_domain": "switch", "created_at": "2025-11-29T00:48:02.056Z", "updated_at": "2025-11-29T02:02:55.212Z"}}, {"model": "devices.device", "pk": 126, "fields": {"name": "Music", "type": "switch", "room": "Board Room", "is_on": false, "value": null, "unit": null, "is_online": false, "entity_id": "switch.addressable_v3_5v_136093_music", "ha_domain": "switch", "created_at": "2025-11-29T00:48:02.059Z", "updated_at": "2025-11-29T02:02:55.216Z"}}, {"model": "devices.device", "pk": 137, "fields": {"name": "browser_mod_a50818cf_ac8e952f Browser path", "type": "sensor", "room": "Sin Asignar", "is_on": true, "value": "/dashboard-gustavo/0", "unit": null, "is_online": true, "entity_id": "sensor.browser_mod_a50818cf_ac8e952f_browser_path", "ha_domain": "sensor", "created_at": "2025-11-29T00:48:02.096Z", "updated_at": "2025-11-29T02:02:55.253Z"}}, {"model": "devices.device", "pk": 138, "fields": {"name": "browser_mod_a50818cf_ac8e952f Browser visibility", "type": "sensor", "room": "Sin Asignar", "is_on": true, "value": "hidden", "unit": null, "is_online": true, "entity_id": "sensor.browser_mod_a50818cf_ac8e952f_browser_visibility", "ha_domain": "sensor", "created_at": "2025-11-29T00:48:02.100Z", "updated_at": "2025-11-29T02:02:55.257Z"}}, {"model": "devices.device", "pk": 139, "fields": {"name": "browser_mod_a50818cf_ac8e952f Browser userAgent", "type": "sensor", "room": "Sin Asignar", "is_on": true, "value": "Mozilla/5.0 (Windows NT 10.0; Win64; x64) AppleWebKit/537.36 (KHTML, like Gecko) Chrome/142.0.0.0 Safari/537.36", "unit": null, "is_online": true, "entity_id": "sensor.browser_mod_a50818cf_ac8e952f_browser_useragent", "ha_domain": "sensor", "created_at": "2025-11-29T00:48:02.102Z", "updated_at": "2025-11-29T02:02:55.261Z"}}, {"model": "devices.device", "pk": 140, "fields": {"name": "browser_mod_a50818cf_ac8e952f Browser user", "type": "sensor", "room": "Sin Asignar", "is_on": true, "value": "Gustavo", "unit": null, "is_online": true, "entity_id": "sensor.browser_mod_a50818cf_ac8e952f_browser_user", "ha_domain": "sensor", "created_at": "2025-11-29T00:48:02.106Z", "updated_at": "2025-11-29T02:02:55.264Z"}}, {"model": "devices.device", "pk": 141, "fields": {"name": "browser_mod_a50818cf_ac8e952f Browser FullyKiosk", "type": "sensor", "room": "Sin Asignar", "is_on": false, "value": null, "unit": null, "is_online": true, "entity_id": "binary_sensor.browser_mod_a50818cf_ac8e952f_browser_fullykiosk", "ha_domain": "binary_sensor", "created_at": "2025-11-29T00:48:02.110Z", "updated_at": "2025-11-29T02:02:55.269Z"}}, {"model": "devices.device", "pk": 142, "fields": {"name": "browser_mod_a50818cf_ac8e952f Browser width", "type": "sensor", "room": "Sin Asignar", "is_on": true, "value": "1920", "unit": "px", "is_online": true, "entity_id": "sensor.browser_mod_a50818cf_ac8e952f_browser_width", "ha_domain": "sensor", "created_at": "2025-11-29T00:48:02.113Z", "updated_at": "2025-11-29T02:02:55.273Z"}}, {"model": "devices.device", "pk": 143, "fields": {"name": "browser_mod_a50818cf_ac8e952f Browser height", "type": "sensor", "room": "Sin Asignar", "is_on": true, "value": "951", "unit": "px", "is_online": true, "entity_id": "sensor.browser_mod_a50818cf_ac8e952f_browser_height", "ha_domain": "sensor", "created_at": "2025-11-29T00:48:02.117Z", "updated_at": "2025-11-29T02:02:55.278Z"}}, {"model": "devices.device", "pk": 144, "fields": {"name": "browser_mod_a50818cf_ac8e952f Browser dark mode", "type": "sensor", "room": "Sin Asignar", "is_on": false, "value": null, "unit": null, "is_online": true, "entity_id": "binary_sensor.browser_mod_a50818cf_ac8e952f_browser_dark_mode", "ha_domain": "binary_sensor", "created_at": "2025-11-29T00:48:02.120Z", "updated_at": "2025-11-29T02:02:55.281Z"}}, {"model": "devices.device", "pk": 145, "fields": {"name": "browser_mod_a50818cf_ac8e952f", "type": "sensor", "room": "Sin Asignar", "is_on": false, "value": null, "unit": null, "is_online": true, "entity_id": "binary_sensor.browser_mod_a50818cf_ac8e952f", "ha_domain": "binary_sensor", "created_at": "2025-11-29T00:48:02.124Z", "updated_at": "2025-11-29T02:02:55.284Z"}}, {"model": "devices.device", "pk": 146, "fields": {"name": "browser_mod_a50818cf_ac8e952f Screen", "type": "light", "room": "Sin Asignar", "is_on": true, "value": null, "unit": null, "is_online": true, "entity_id": "light.browser_mod_a50818cf_ac8e952f_screen", "ha_domain": "light", "created_at": "2025-11-29T00:48:02.127Z", "updated_at": "2025-11-29T02:55:12.589Z"}}, {"model": "devices.device", "pk": 147, "fields": {"name": "browser_mod_a50818cf_ac8e952f Panel", "type": "sensor", "room": "Sin Asignar", "is_on": true, "value": "Gustavo  - Home", "unit": null, "is_online": true, "entity_id": "sensor.browser_mod_a50818cf_ac8e952f_panel", "ha_domain": "sensor", "created_at": "2025-11-29T00:48:02.131Z", "updated_at": "2025-11-29T02:02:55.291Z"}}, {"model": "devices.device", "pk": 148, "fields": {"name": "Browser path", "type": "sensor", "room": "Sin Asignar", "is_on": false, "value": "unavailable", "unit": null, "is_online": false, "entity_id": "sensor.browser_mod_6362bdf5_0185ec78_browser_path", "ha_domain": "sensor", "created_at": "2025-11-29T00:48:02.134Z", "updated_at": "2025-11-29T02:02:55.294Z"}}, {"model": "devices.device", "pk": 149, "fields": {"name": "Browser visibility", "type": "sensor", "room": "Sin Asignar", "is_on": false, "value": "unavailable", "unit": null, "is_online": false, "entity_id": "sensor.browser_mod_6362bdf5_0185ec78_browser_visibility", "ha_domain": "sensor", "created_at": "2025-11-29T00:48:02.138Z", "updated_at": "2025-11-29T02:02:55.300Z"}}, {"model": "devices.device", "pk": 150, "fields": {"name": "Browser userAgent", "type": "sensor", "room": "Sin Asignar", "is_on": false, "value": "unavailable", "unit": null, "is_online": false, "entity_id": "sensor.browser_mod_6362bdf5_0185ec78_browser_useragent", "ha_domain": "sensor", "created_at": "2025-11-29T00:48:02.141Z", "updated_at": "2025-11-29T02:02:55.304Z"}}, {"model": "devices.device", "pk": 151, "fields": {"name": "Browser user", "type": "sensor", "room": "Sin Asignar", "is_on": false, "value": "unavailable", "unit": null, "is_online": false, "entity_id": "sensor.browser_mod_6362bdf5_0185ec78_browser_user", "ha_domain": "sensor", "created_at": "2025-11-29T00:48:02.146Z", "updated_at": "2025-11-29T02:02:55.307Z"}}, {"model": "devices.device", "pk": 152, "fields": {"name": "Browser FullyKiosk", "type": "sensor", "room": "Sin Asignar", "is_on": false, "value": null, "unit": null, "is_online": false, "entity_id": "binary_sensor.browser_mod_6362bdf5_0185ec78_browser_fullykiosk", "ha_domain": "binary_sensor", "created_at": "2025-11-29T00:48:02.150Z", "updated_at": "2025-11-29T02:02:55.311Z"}}, {"model": "devices.device", "pk": 153, "fields": {"name": "Browser width", "type": "sensor", "room": "Sin Asignar", "is_on": false, "value": "unavailable", "unit": "px", "is_online": false, "entity_id": "sensor.browser_mod_6362bdf5_0185ec78_browser_width", "ha_domain": "sensor", "created_at": "2025-11-29T00:48:02.153Z", "updated_at": "2025-11-29T02:02:55.315Z"}}, {"model": "devices.device", "pk": 154, "fields": {"name": "Browser height", "type": "sensor", "room": "Sin Asignar", "is_on": false, "value": "unavailable", "unit": "px", "is_online": false, "entity_id": "sensor.browser_mod_6362bdf5_0185ec78_browser_height", "ha_domain": "sensor", "created_at": "2025-11-29T00:48:02.156Z", "updated_at": "2025-11-29T02:02:55.318Z"}}, {"model": "devices.device", "pk": 155, "fields": {"name": "Browser dark mode", "type": "sensor", "room": "Sin Asignar", "is_on": false, "value": null, "unit": null, "is_online": false, "entity_id": "binary_sensor.browser_mod_6362bdf5_0185ec78_browser_dark_mode", "ha_domain": "binary_sensor", "created_at": "2025-11-29T00:48:02.159Z", "updated_at": "2025-11-29T02:02:55.322Z"}}, {"model": "devices.device", "pk": 156, "fields": {"name": "binary_sensor.browser_mod_6362bdf5_0185ec78", "type": "sensor", "room": "Sin Asignar", "is_on": false, "value": null, "unit": null, "is_online": false, "entity_id": "binary_sensor.browser_mod_6362bdf5_0185ec78", "ha_domain": "binary_sensor", "created_at": "2025-11-29T00:48:02.162Z", "updated_at": "2025-11-29T02:02:55.325Z"}}, {"model": "devices.device", "pk": 157, "fields": {"name": "Screen", "type": "light", "room": "Sin Asignar", "is_on": false, "value": null, "unit": null, "is_online": false, "entity_id": "light.browser_mod_6362bdf5_0185ec78_screen", "ha_domain": "light", "created_at": "2025-11-29T00:48:02.165Z", "updated_at": "2025-11-29T02:02:55.328Z"}}, {"model": "devices.device", "pk": 158, "fields": {"name": "Panel", "type": "sensor", "room": "Sin Asignar", "is_on": false, "value": "unavailable", "unit": null, "is_online": false, "entity_id": "sensor.browser_mod_6362bdf5_0185ec78_panel", "ha_domain": "sensor", "created_at": "2025-11-29T00:48:02.168Z", "updated_at": "2025-11-29T02:02:55.331Z"}}, {"model": "devices.device", "pk": 159, "fields": {"name": "Browser path", "type": "sensor", "room": "Sin Asignar", "is_on": false, "value": "unavailable", "unit": null, "is_online": false, "entity_id": "sensor.browser_mod_faeaeedf_b1fcaf80_browser_path", "ha_domain": "sensor", "created_at": "2025-11-29T00:48:02.171Z", "updated_at": "2025-11-29T02:02:55.335Z"}}, {"model": "devices.device", "pk": 160, "fields": {"name": "Browser visibility", "type": "sensor", "room": "Sin Asignar", "is_on": false, "value": "unavailable", "unit": null, "is_online": false, "entity_id": "sensor.browser_mod_faeaeedf_b1fcaf80_browser_visibility", "ha_domain": "sensor", "created_at": "2025-11-29T00:48:02.175Z", "updated_at": "2025-11-29T02:02:55.338Z"}}, {"model": "devices.device", "pk": 161, "fields": {"name": "Browser userAgent", "type": "sensor", "room": "Sin Asignar", "is_on": false, "value": "unavailable", "unit": null, "is_online": false, "entity_id": "sensor.browser_mod_faeaeedf_b1fcaf80_browser_useragent", "ha_domain": "sensor", "created_at": "2025-11-29T00:48:02.179Z", "updated_at": "2025-11-29T02:02:55.341Z"}}, {"model": "devices.device", "pk": 162, "fields": {"name": "Browser user", "type": "sensor", "room": "Sin Asignar", "is_on": false, "value": "unavailable", "unit": null, "is_online": false, "entity_id": "sensor.browser_mod_faeaeedf_b1fcaf80_browser_user", "ha_domain": "sensor", "created_at": "2025-11-29T00:48:02.181Z", "updated_at": "2025-11-29T02:02:55.346Z"}}, {"model": "devices.device", "pk": 163, "fields": {"name": "Browser FullyKiosk", "type": "sensor", "room": "Sin Asignar", "is_on": false, "value": null, "unit": null, "is_online": false, "entity_id": "binary_sensor.browser_mod_faeaeedf_b1fcaf80_browser_fullykiosk", "ha_domain": "binary_sensor", "created_at": "2025-11-29T00:48:02.185Z", "updated_at": "2025-11-29T02:02:55.349Z"}}, {"model": "devices.device", "pk": 164, "fields": {"name": "Browser width", "type": "sensor", "room": "Sin Asignar", "is_on": false, "value": "unavailable", "unit": "px", "is_online": false, "entity_id": "sensor.browser_mod_faeaeedf_b1fcaf80_browser_width", "ha_domain": "sensor", "created_at": "2025-11-29T00:48:02.188Z", "updated_at": "2025-11-29T02:02:55.353Z"}}, {"model": "devices.device", "pk": 165, "fields": {"name": "Browser height", "type": "sensor", "room": "Sin Asignar", "is_on": false, "value": "unavailable", "unit": "px", "is_online": false, "entity_id": "sensor.browser_mod_faeaeedf_b1fcaf80_browser_height", "ha_domain": "sensor", "created_at": "2025-11-29T00:48:02.191Z", "updated_at": "2025-11-29T02:02:55.356Z"}}, {"model": "devices.device", "pk": 166, "fields": {"name": "Browser dark mode", "type": "sensor", "room": "Sin Asignar", "is_on": false, "value": null, "unit": null, "is_online": false, "entity_id": "binary_sensor.browser_mod_faeaeedf_b1fcaf80_browser_dark_mode", "ha_domain": "binary_sensor", "created_at": "2025-11-29T00:48:02.195Z", "updated_at": "2025-11-29T02:02:55.359Z"}}, {"model": "devices.device", "pk": 167, "fields": {"name": "binary_sensor.browser_mod_faeaeedf_b1fcaf80", "type": "sensor", "room": "Sin Asignar", "is_on": false, "value": null, "unit": null, "is_online": false, "entity_id": "binary_sensor.browser_mod_faeaeedf_b1fcaf80", "ha_domain": "binary_sensor", "created_at": "2025-11-29T00:48:02.198Z", "updated_at": "2025-11-29T02:02:55.362Z"}}, {"model": "devices.device", "pk": 168, "fields": {"name": "Screen", "type": "light", "room": "Sin Asignar", "is_on": false, "value": null, "unit": null, "is_online": false, "entity_id": "light.browser_mod_faeaeedf_b1fcaf80_screen", "ha_domain": "light", "created_at": "2025-11-29T00:48:02.201Z", "updated_at": "2025-11-29T02:02:55.366Z"}}, {"model": "devices.device", "pk": 169, "fields": {"name": "Panel", "type": "sensor", "room": "Sin Asignar", "is_on": false, "value": "unavailable", "unit": null, "is_online": false, "entity_id": "sensor.browser_mod_faeaeedf_b1fcaf80_panel", "ha_domain": "sensor", "created_at": "2025-11-29T00:48:02.205Z", "updated_at": "2025-11-29T02:02:55.369Z"}}, {"model": "devices.device", "pk": 170, "fields": {"name": "Browser path", "type": "sensor", "room": "Sin Asignar", "is_on": false, "value": "unavailable", "unit": null, "is_online": false, "entity_id": "sensor.browser_mod_ad8c02f8_f092dd55_browser_path", "ha_domain": "sensor", "created_at": "2025-11-29T00:48:02.208Z", "updated_at": "2025-11-29T02:02:55.373Z"}}, {"model": "devices.device", "pk": 171, "fields": {"name": "Browser visibility", "type": "sensor", "room": "Sin Asignar", "is_on": false, "value": "unavailable", "unit": null, "is_online": false, "entity_id": "sensor.browser_mod_ad8c02f8_f092dd55_browser_visibility", "ha_domain": "sensor", "created_at": "2025-11-29T00:48:02.210Z", "updated_at": "2025-11-29T02:02:55.415Z"}}, {"model": "devices.device", "pk": 172, "fields": {"name": "Browser userAgent", "type": "sensor", "room": "Sin Asignar", "is_on": false, "value": "unavailable", "unit": null, "is_online": false, "entity_id": "sensor.browser_mod_ad8c02f8_f092dd55_browser_useragent", "ha_domain": "sensor", "created_at": "2025-11-29T00:48:02.214Z", "updated_at": "2025-11-29T02:02:55.419Z"}}, {"model": "devices.device", "pk": 173, "fields": {"name": "Browser user", "type": "sensor", "room": "Sin Asignar", "is_on": false, "value": "unavailable", "unit": null, "is_online": false, "entity_id": "sensor.browser_mod_ad8c02f8_f092dd55_browser_user", "ha_domain": "sensor", "created_at": "2025-11-29T00:48:02.217Z", "updated_at": "2025-11-29T02:02:55.423Z"}}, {"model": "devices.device", "pk": 174, "fields": {"name": "Browser FullyKiosk", "type": "sensor", "room": "Sin Asignar", "is_on": false, "value": null, "unit": null, "is_online": false, "entity_id": "binary_sensor.browser_mod_ad8c02f8_f092dd55_browser_fullykiosk", "ha_domain": "binary_sensor", "created_at": "2025-11-29T00:48:02.220Z", "updated_at": "2025-11-29T02:02:55.482Z"}}, {"model": "devices.device", "pk": 175, "fields": {"name": "Browser width", "type": "sensor", "room": "Sin Asignar", "is_on": false, "value": "unavailable", "unit": "px", "is_online": false, "entity_id": "sensor.browser_mod_ad8c02f8_f092dd55_browser_width", "ha_domain": "sensor", "created_at": "2025-11-29T00:48:02.225Z", "updated_at": "2025-11-29T02:02:55.512Z"}}, {"model": "devices.device", "pk": 176, "fields": {"name": "Browser height", "type": "sensor", "room": "Sin Asignar", "is_on": false, "value": "unavailable", "unit": "px", "is_online": false, "entity_id": "sensor.browser_mod_ad8c02f8_f092dd55_browser_height", "ha_domain": "sensor", "created_at": "2025-11-29T00:48:02.228Z", "updated_at": "2025-11-29T02:02:55.516Z"}}, {"model": "devices.device", "pk": 177, "fields": {"name": "Browser dark mode", "type": "sensor", "room": "Sin Asignar", "is_on": false, "value": null, "unit": null, "is_online": false, "entity_id": "binary_sensor.browser_mod_ad8c02f8_f092dd55_browser_dark_mode", "ha_domain": "binary_sensor", "created_at": "2025-11-29T00:48:02.231Z", "updated_at": "2025-11-29T02:02:55.549Z"}}, {"model": "devices.device", "pk": 178, "fields": {"name": "binary_sensor.browser_mod_ad8c02f8_f092dd55", "type": "sensor", "room": "Sin Asignar", "is_on": false, "value": null, "unit": null, "is_online": false, "entity_id": "binary_sensor.browser_mod_ad8c02f8_f092dd55", "ha_domain": "binary_sensor", "created_at": "2025-11-29T00:48:02.234Z", "updated_at": "2025-11-29T02:02:55.552Z"}}, {"model": "devices.device", "pk": 179, "fields": {"name": "Screen", "type": "light", "room": "Sin Asignar", "is_on": false, "value": null, "unit": null, "is_online": false, "entity_id": "light.browser_mod_ad8c02f8_f092dd55_screen", "ha_domain": "light", "created_at": "2025-11-29T00:48:02.237Z", "updated_at": "2025-11-29T02:02:55.556Z"}}, {"model": "devices.device", "pk": 180, "fields": {"name": "Panel", "type": "sensor", "room": "Sin Asignar", "is_on": false, "value": "unavailable", "unit": null, "is_online": false, "entity_id": "sensor.browser_mod_ad8c02f8_f092dd55_panel", "ha_domain": "sensor", "created_at": "2025-11-29T00:48:02.241Z", "updated_at": "2025-11-29T02:02:55.590Z"}}, {"model": "devices.device", "pk": 181, "fields": {"name": "browser_mod_83fbbc2f_0152b4ba Browser path", "type": "sensor", "room": "Sin Asignar", "is_on": false, "value": "unavailable", "unit": null, "is_online": false, "entity_id": "sensor.browser_mod_83fbbc2f_0152b4ba_browser_path", "ha_domain": "sensor", "created_at": "2025-11-29T00:48:02.243Z", "updated_at": "2025-11-29T02:02:55.594Z"}}, {"model": "devices.device", "pk": 182, "fields": {"name": "browser_mod_83fbbc2f_0152b4ba Browser visibility", "type": "sensor", "room": "Sin Asignar", "is_on": false, "value": "unavailable", "unit": null, "is_online": false, "entity_id": "sensor.browser_mod_83fbbc2f_0152b4ba_browser_visibility", "ha_domain": "sensor", "created_at": "2025-11-29T00:48:02.247Z", "updated_at": "2025-11-29T02:02:55.626Z"}}, {"model": "devices.device", "pk": 183, "fields": {"name": "browser_mod_83fbbc2f_0152b4ba Browser userAgent", "type": "sensor", "room": "Sin Asignar", "is_on": false, "value": "unavailable", "unit": null, "is_online": false, "entity_id": "sensor.browser_mod_83fbbc2f_0152b4ba_browser_useragent", "ha_domain": "sensor", "created_at": "2025-11-29T00:48:02.250Z", "updated_at": "2025-11-29T02:02:55.629Z"}}, {"model": "devices.device", "pk": 184, "fields": {"name": "browser_mod_83fbbc2f_0152b4ba Browser user", "type": "sensor", "room": "Sin Asignar", "is_on": false, "value": "unavailable", "unit": null, "is_online": false, "entity_id": "sensor.browser_mod_83fbbc2f_0152b4ba_browser_user", "ha_domain": "sensor", "created_at": "2025-11-29T00:48:02.253Z", "updated_at": "2025-11-29T02:02:55.632Z"}}, {"model": "devices.device", "pk": 185, "fields": {"name": "browser_mod_83fbbc2f_0152b4ba Browser FullyKiosk", "type": "sensor", "room": "Sin Asignar", "is_on": false, "value": null, "unit": null, "is_online": false, "entity_id": "binary_sensor.browser_mod_83fbbc2f_0152b4ba_browser_fullykiosk", "ha_domain": "binary_sensor", "created_at": "2025-11-29T00:48:02.257Z", "updated_at": "2025-11-29T02:02:55.663Z"}}, {"model": "devices.device", "pk": 186, "fields": {"name": "browser_mod_83fbbc2f_0152b4ba Browser width", "type": "sensor", "room": "Sin Asignar", "is_on": false, "value": "unavailable", "unit": "px", "is_online": false, "entity_id": "sensor.browser_mod_83fbbc2f_0152b4ba_browser_width", "ha_domain": "sensor", "created_at": "2025-11-29T00:48:02.260Z", "updated_at": "2025-11-29T02:02:55.666Z"}}, {"model": "devices.device", "pk": 187, "fields": {"name": "browser_mod_83fbbc2f_0152b4ba Browser height", "type": "sensor", "room": "Sin Asignar", "is_on": false, "value": "unavailable", "unit": "px", "is_online": false, "entity_id": "sensor.browser_mod_83fbbc2f_0152b4ba_browser_height", "ha_domain": "sensor", "created_at": "2025-11-29T00:48:02.264Z", "updated_at": "2025-11-29T02:02:55.669Z"}}, {"model": "devices.device", "pk": 188, "fields": {"name": "browser_mod_83fbbc2f_0152b4ba Browser dark mode", "type": "sensor", "room": "Sin Asignar", "is_on": false, "value": null, "unit": null, "is_online": false, "entity_id": "binary_sensor.browser_mod_83fbbc2f_0152b4ba_browser_dark_mode", "ha_domain": "binary_sensor", "created_at": "2025-11-29T00:48:02.268Z", "updated_at": "2025-11-29T02:02:55.705Z"}}, {"model": "devices.device", "pk": 189, "fields": {"name": "browser_mod_83fbbc2f_0152b4ba", "type": "sensor", "room": "Sin Asignar", "is_on": false, "value": null, "unit": null, "is_online": false, "entity_id": "binary_sensor.browser_mod_83fbbc2f_0152b4ba", "ha_domain": "binary_sensor", "created_at": "2025-11-29T00:48:02.272Z", "updated_at": "2025-11-29T02:02:55.708Z"}}, {"model": "devices.device", "pk": 190, "fields": {"name": "browser_mod_83fbbc2f_0152b4ba Screen", "type": "light", "room": "Sin Asignar", "is_on": false, "value": null, "unit": null, "is_online": false, "entity_id": "light.browser_mod_83fbbc2f_0152b4ba_screen", "ha_domain": "light", "created_at": "2025-11-29T00:48:02.276Z", "updated_at": "2025-11-29T02:02:55.756Z"}}, {"model": "devices.device", "pk": 191, "fields": {"name": "browser_mod_83fbbc2f_0152b4ba Panel", "type": "sensor", "room": "Sin Asignar", "is_on": false, "value": "unavailable", "unit": null, "is_online": false, "entity_id": "sensor.browser_mod_83fbbc2f_0152b4ba_panel", "ha_domain": "sensor", "created_at": "2025-11-29T00:48:02.279Z", "updated_at": "2025-11-29T02:02:55.760Z"}}, {"model": "devices.device", "pk": 192, "fields": {"name": "Browser path", "type": "sensor", "room": "Sin Asignar", "is_on": false, "value": "unavailable", "unit": null, "is_online": false, "entity_id": "sensor.browser_mod_bc4e9815_531154b3_browser_path", "ha_domain": "sensor", "created_at": "2025-11-29T00:48:02.282Z", "updated_at": "2025-11-29T02:02:55.763Z"}}, {"model": "devices.device", "pk": 193, "fields": {"name": "Browser visibility", "type": "sensor", "room": "Sin Asignar", "is_on": false, "value": "unavailable", "unit": null, "is_online": false, "entity_id": "sensor.browser_mod_bc4e9815_531154b3_browser_visibility", "ha_domain": "sensor", "created_at": "2025-11-29T00:48:02.285Z", "updated_at": "2025-11-29T02:02:55.809Z"}}, {"model": "devices.device", "pk": 194, "fields": {"name": "Browser userAgent", "type": "sensor", "room": "Sin Asignar", "is_on": false, "value": "unavailable", "unit": null, "is_online": false, "entity_id": "sensor.browser_mod_bc4e9815_531154b3_browser_useragent", "ha_domain": "sensor", "created_at": "2025-11-29T00:48:02.289Z", "updated_at": "2025-11-29T02:02:55.813Z"}}, {"model": "devices.device", "pk": 195, "fields": {"name": "Browser user", "type": "sensor", "room": "Sin Asignar", "is_on": false, "value": "unavailable", "unit": null, "is_online": false, "entity_id": "sensor.browser_mod_bc4e9815_531154b3_browser_user", "ha_domain": "sensor", "created_at": "2025-11-29T00:48:02.292Z", "updated_at": "2025-11-29T02:02:55.861Z"}}, {"model": "devices.device", "pk": 196, "fields": {"name": "Browser FullyKiosk", "type": "sensor", "room": "Sin Asignar", "is_on": false, "value": null, "unit": null, "is_online": false, "entity_id": "binary_sensor.browser_mod_bc4e9815_531154b3_browser_fullykiosk", "ha_domain": "binary_sensor", "created_at": "2025-11-29T00:48:02.296Z", "updated_at": "2025-11-29T02:02:55.864Z"}}, {"model": "devices.device", "pk": 197, "fields": {"name": "Browser width", "type": "sensor", "room": "Sin Asignar", "is_on": false, "value": "unavailable", "unit": "px", "is_online": false, "entity_id": "sensor.browser_mod_bc4e9815_531154b3_browser_width", "ha_domain": "sensor", "created_at": "2025-11-29T00:48:02.299Z", "updated_at": "2025-11-29T02:02:55.868Z"}}, {"model": "devices.device", "pk": 198, "fields": {"name": "Browser height", "type": "sensor", "room": "Sin Asignar", "is_on": false, "value": "unavailable", "unit": "px", "is_online": false, "entity_id": "sensor.browser_mod_bc4e9815_531154b3_browser_height", "ha_domain": "sensor", "created_at": "2025-11-29T00:48:02.302Z", "updated_at": "2025-11-29T02:02:55.914Z"}}, {"model": "devices.device", "pk": 199, "fields": {"name": "Browser dark mode", "type": "sensor", "room": "Sin Asignar", "is_on": false, "value": null, "unit": null, "is_online": false, "entity_id": "binary_sensor.browser_mod_bc4e9815_531154b3_browser_dark_mode", "ha_domain": "binary_sensor", "created_at": "2025-11-29T00:48:02.306Z", "updated_at": "2025-11-29T02:02:55.919Z"}}, {"model": "devices.device", "pk": 200, "fields": {"name": "binary_sensor.browser_mod_bc4e9815_531154b3", "type": "sensor", "room": "Sin Asignar", "is_on": false, "value": null, "unit": null, "is_online": false, "entity_id": "binary_sensor.browser_mod_bc4e9815_531154b3", "ha_domain": "binary_sensor", "created_at": "2025-11-29T00:48:02.309Z", "updated_at": "2025-11-29T02:02:55.967Z"}}, {"model": "devices.device", "pk": 201, "fields": {"name": "Screen", "type": "light", "room": "Sin Asignar", "is_on": false, "value": null, "unit": null, "is_online": false, "entity_id": "light.browser_mod_bc4e9815_531154b3_screen", "ha_domain": "light", "created_at": "2025-11-29T00:48:02.312Z", "updated_at": "2025-11-29T02:02:55.970Z"}}, {"model": "devices.device", "pk": 202, "fields": {"name": "Panel", "type": "sensor", "room": "Sin Asignar", "is_on": false, "value": "unavailable", "unit": null, "is_online": false, "entity_id": "sensor.browser_mod_bc4e9815_531154b3_panel", "ha_domain": "sensor", "created_at": "2025-11-29T00:48:02.315Z", "updated_at": "2025-11-29T02:02:55.973Z"}}, {"model": "devices.device", "pk": 203, "fields": {"name": "Browser path", "type": "sensor", "room": "Sin Asignar", "is_on": false, "value": "unavailable", "unit": null, "is_online": false, "entity_id": "sensor.browser_mod_57e30274_ca9ab4b1_browser_path", "ha_domain": "sensor", "created_at": "2025-11-29T00:48:02.318Z", "updated_at": "2025-11-29T02:02:56.066Z"}}, {"model": "devices.device", "pk": 204, "fields": {"name": "Browser visibility", "type": "sensor", "room": "Sin Asignar", "is_on": false, "value": "unavailable", "unit": null, "is_online": false, "entity_id": "sensor.browser_mod_57e30274_ca9ab4b1_browser_visibility", "ha_domain": "sensor", "created_at": "2025-11-29T00:48:02.321Z", "updated_at": "2025-11-29T02:02:56.069Z"}}, {"model": "devices.device", "pk": 205, "fields": {"name": "Browser userAgent", "type": "sensor", "room": "Sin Asignar", "is_on": false, "value": "unavailable", "unit": null, "is_online": false, "entity_id": "sensor.browser_mod_57e30274_ca9ab4b1_browser_useragent", "ha_domain": "sensor", "created_at": "2025-11-29T00:48:02.325Z", "updated_at": "2025-11-29T02:02:56.118Z"}}, {"model": "devices.device", "pk": 206, "fields": {"name": "Browser user", "type": "sensor", "room": "Sin Asignar", "is_on": false, "value": "unavailable", "unit": null, "is_online": false, "entity_id": "sensor.browser_mod_57e30274_ca9ab4b1_browser_user", "ha_domain": "sensor", "created_at": "2025-11-29T00:48:02.328Z", "updated_at": "2025-11-29T02:02:56.121Z"}}, {"model": "devices.device", "pk": 207, "fields": {"name": "Browser FullyKiosk", "type": "sensor", "room": "Sin Asignar", "is_on": false, "value": null, "unit": null, "is_online": false, "entity_id": "binary_sensor.browser_mod_57e30274_ca9ab4b1_browser_fullykiosk", "ha_domain": "binary_sensor", "created_at": "2025-11-29T00:48:02.331Z", "updated_at": "2025-11-29T02:02:56.124Z"}}, {"model": "devices.device", "pk": 208, "fields": {"name": "Browser width", "type": "sensor", "room": "Sin Asignar", "is_on": false, "value": "unavailable", "unit": "px", "is_online": false, "entity_id": "sensor.browser_mod_57e30274_ca9ab4b1_browser_width", "ha_domain": "sensor", "created_at": "2025-11-29T00:48:02.335Z", "updated_at": "2025-11-29T02:02:56.172Z"}}, {"model": "devices.device", "pk": 209, "fields": {"name": "Browser height", "type": "sensor", "room": "Sin Asignar", "is_on": false, "value": "unavailable", "unit": "px", "is_online": false, "entity_id": "sensor.browser_mod_57e30274_ca9ab4b1_browser_height", "ha_domain": "sensor", "created_at": "2025-11-29T00:48:02.339Z", "updated_at": "2025-11-29T02:02:56.176Z"}}, {"model": "devices.device", "pk": 210, "fields": {"name": "Browser dark mode", "type": "sensor", "room": "Sin Asignar", "is_on": false, "value": null, "unit": null, "is_online": false, "entity_id": "binary_sensor.browser_mod_57e30274_ca9ab4b1_browser_dark_mode", "ha_domain": "binary_sensor", "created_at": "2025-11-29T00:48:02.342Z", "updated_at": "2025-11-29T02:02:56.225Z"}}, {"model": "devices.device", "pk": 211, "fields": {"name": "binary_sensor.browser_mod_57e30274_ca9ab4b1", "type": "sensor", "room": "Sin Asignar", "is_on": false, "value": null, "unit": null, "is_online": false, "entity_id": "binary_sensor.browser_mod_57e30274_ca9ab4b1", "ha_domain": "binary_sensor", "created_at": "2025-11-29T00:48:02.346Z", "updated_at": "2025-11-29T02:02:56.227Z"}}, {"model": "devices.device", "pk": 212, "fields": {"name": "Screen", "type": "light", "room": "Sin Asignar", "is_on": false, "value": null, "unit": null, "is_online": false, "entity_id": "light.browser_mod_57e30274_ca9ab4b1_screen", "ha_domain": "light", "created_at": "2025-11-29T00:48:02.349Z", "updated_at": "2025-11-29T02:02:56.231Z"}}, {"model": "devices.device", "pk": 213, "fields": {"name": "Panel", "type": "sensor", "room": "Sin Asignar", "is_on": false, "value": "unavailable", "unit": null, "is_online": false, "entity_id": "sensor.browser_mod_57e30274_ca9ab4b1_panel", "ha_domain": "sensor", "created_at": "2025-11-29T00:48:02.353Z", "updated_at": "2025-11-29T02:02:56.279Z"}}, {"model": "devices.device", "pk": 214, "fields": {"name": "browser_mod_a50818cf_ac8e952f Browser ID", "type": "sensor", "room": "Sin Asignar", "is_on": true, "value": "browser_mod_a50818cf_ac8e952f", "unit": null, "is_online": true, "entity_id": "sensor.browser_mod_a50818cf_ac8e952f_browser_id", "ha_domain": "sensor", "created_at": "2025-11-29T00:48:02.356Z", "updated_at": "2025-11-29T02:02:56.282Z"}}, {"model": "devices.device", "pk": 215, "fields": {"name": "browser_mod_83fbbc2f_0152b4ba Browser ID", "type": "sensor", "room": "Sin Asignar", "is_on": false, "value": "unavailable", "unit": null, "is_online": false, "entity_id": "sensor.browser_mod_83fbbc2f_0152b4ba_browser_id", "ha_domain": "sensor", "created_at": "2025-11-29T00:48:02.360Z", "updated_at": "2025-11-29T02:02:56.330Z"}}, {"model": "routines.scene", "pk": 1, "fields": {"name": "Iniciar la mañana ", "entity_id": "scene.iniciar_la_manana", "type": "scene", "icon": "mdi:account-group", "created_at": "2025-11-29T15:49:31.549Z", "updated_at": "2025-12-04T20:50:20.605Z"}}, {"model": "routines.scene", "pk": 2, "fields": {"name": "NEZU · Zoom + Cámara", "entity_id": "scene.nezu_zoom_camara", "type": "scene", "icon": "mdi:alarm-light", "created_at": "2025-11-29T15:49:31.560Z", "updated_at": "2025-12-04T20:50:20.612Z"}}, {"model": "routines.scene", "pk": 4, "fields": {"name": "Prueba 2", "entity_id": "scene.prueba_2", "type": "scene", "icon": "", "created_at": "2025-11-29T15:49:31.570Z", "updated_at": "2025-12-04T20:50:20.615Z"}}, {"model": "routines.scene", "pk": 26, "fields": {"name": "Esc-1", "entity_id": "automation.esc_1", "type": "automation", "icon": "", "created_at": "2025-11-29T16:09:01.666Z", "updated_at": "2025-12-04T20:50:20.618Z"}}, {"model": "routines.scene", "pk": 27, "fields": {"name": "Nueva automatización", "entity_id": "automation.nueva_automatizacion", "type": "automation", "icon": "", "created_at": "2025-11-29T16:09:01.670Z", "updated_at": "2025-12-04T20:50:20.621Z"}}, {"model": "routines.scene", "pk": 28, "fields": {"name": "Refrescar comandos al abrir/recargar dashboard Oscar (evento nativo)", "entity_id": "automation.refrescar_comandos_al_abrir_dashboard_oscar", "type": "automation", "icon": "", "created_at": "2025-11-29T16:09:01.674Z", "updated_at": "2025-12-04T20:50:20.624Z"}}, {"model": "routines.scene", "pk": 29, "fields": {"name": "NEZU • Discovery MQTT desde sensor REST (board 1)", "entity_id": "automation.nezu_discovery_mqtt_desde_sensor_rest_board_1", "type": "automation", "icon": "", "created_at": "2025-11-29T16:09:01.677Z", "updated_at": "2025-12-04T20:50:20.627Z"}}, {"model": "routines.scene", "pk": 30, "fields": {"name": "NEZU • Bridge MQTT → REST execute", "entity_id": "automation.nezu_bridge_mqtt_rest_execute", "type": "automation", "icon": "", "created_at": "2025-11-29T16:09:01.683Z", "updated_at": "2025-12-04T20:50:20.629Z"}}, {"model": "routines.scene", "pk": 31, "fields": {"name": "NEZU · Discovery + Bridge (todo en uno)", "entity_id": "automation.nezu_discovery_bridge_todo_en_uno", "type": "automation", "icon": "", "created_at": "2025-11-29T16:09:01.687Z", "updated_at": "2025-12-04T20:50:20.634Z"}}, {"model": "routines.nezuroutine", "pk": 3, "fields": {"name": "Tech Zone", "aliases": "[\"Zona Tech\", \"Oscar\"]", "icon": "Play", "color": "blue", "created_at": "2025-11-29T16:51:11.532Z"}}, {"model": "routines.nezuroutine", "pk": 5, "fields": {"name": "Apagado Tech", "aliases": "[\"Me voy\"]", "icon": "Play", "color": "blue", "created_at": "2025-11-29T16:58:44.867Z"}}, {"model": "routines.nezuroutine", "pk": 6, "fields": {"name": "Gustavo Tech", "aliases": "[]", "icon": "Play", "color": "blue", "created_at": "2025-11-29T17:50:29.435Z"}}, {"model": "routines.nezuroutine", "pk": 8, "fields": {"name": "Gustavo", "aliases": "[]", "icon": "Play", "color": "blue", "created_at": "2025-12-03T19:42:48.622Z"}}, {"model": "routines.routineaction", "pk": 11, "fields": {"routine": 6, "device_id": "switch.sonoff_1000f28266", "action_type": "turn_on", "value": 0, "order": 0}}, {"model": "routines.routineaction", "pk": 12, "fields": {"routine": 6, "device_id": "switch.sonoff_100177eb58_3", "action_type": "turn_on", "value": 0, "order": 1}}, {"model": "routines.routineaction", "pk": 14, "fields": {"routine": 8, "device_id": "switch.sonoff_1001578895_1", "action_type": "turn_on", "value": 0, "order": 0}}, {"model": "routines.routineaction", "pk": 15, "fields": {"routine": 8, "device_id": "switch.sonoff_100177eb58_2", "action_type": "turn_on", "value": 0, "order": 1}}, {"model": "routines.routineaction", "pk": 16, "fields": {"routine": 8, "device_id": "switch.sonoff_100177eb58_3", "action_type": "turn_off", "value": 0, "order": 2}}, {"model": "routines.routineaction", "pk": 62, "fields": {"routine": 3, "device_id": "switch.sonoff_1000f28266", "action_type": "turn_on", "value": 0, "order": 0}}, {"model": "routines.routineaction", "pk": 63, "fields": {"routine": 3, "device_id": "switch.sonoff_1001578895_1", "action_type": "turn_on", "value": 0, "order": 1}}, {"model": "routines.routineaction", "pk": 64, "fields": {"routine": 3, "device_id": "switch.sonoff_1001578895_2", "action_type": "turn_on", "value": 0, "order": 2}}, {"model": "routines.routineaction", "pk": 68, "fields": {"routine": 5, "device_id": "switch.sonoff_1001578895_2", "action_type": "turn_off", "value": 0, "order": 0}}, {"model": "routines.routineaction", "pk": 69, "fields": {"routine": 5, "device_id": "switch.sonoff_1000f28266", "action_type": "turn_off", "value": 0, "order": 1}}, {"model": "routines.routineaction", "pk": 70, "fields": {"routine": 5, "device_id": "switch.sonoff_1001578895_1", "action_type": "turn_off", "value": 0, "order": 2}}]